SID,LastLat,LastLon,LastWind,LandfallLat,LandfallLon,LastDir,LastSpeed
1842298N11080,10.8188,78.8772,0.0,10.8,78.4,267.0,9.0
1877135N10083,25.0344,87.3956,0.0,25.2,87.4,0.0,4.0
1877192N21090,23.1363,79.0487,0.0,23.2447,78.2885,279.0,14.0
1877218N21090,24.2573,89.5989,0.0,24.4,89.6,3.0,3.0
1877220N22092,23.7667,91.067,0.0,23.9,91.0,335.0,4.0
1877226N21089,24.9385,88.1008,0.0,25.2,88.1,358.0,6.0
1877230N20091,23.1594,89.2657,0.0,23.3,89.2,336.0,4.0
1877241N20088,22.6501,86.5044,0.0,22.8,86.4,327.0,4.0
1877249N20088,25.4635,85.6,0.0,25.5,85.6,11.0,1.0
1877307N18091,21.2604,91.7968,0.0,21.4,91.8,0.0,3.0
1878202N18087,25.0686,78.6423,0.0,25.1875,78.1546,290.0,10.0
1878215N20086,21.9012,82.7018,0.0,22.1,82.4,306.0,8.0
1878218N20089,23.4216,80.8478,0.0,23.6,80.5,298.0,9.0
1878256N19090,21.6844,78.4985,0.0,21.6888,78.1806,269.0,5.0
1878261N18090,24.9833,88.3167,0.0,25.2,88.3,0.0,5.0
1878287N16084,17.1833,83.3334,0.0,17.3,83.3,344.0,3.0
1878301N15084,17.548,82.5023,0.0,17.7,82.4,327.0,4.0
1878308N16084,19.1386,81.9357,0.0,19.3,81.8,322.0,5.0
1878339N17087,18.1449,82.5918,0.0,18.2,82.5,307.0,2.0
1879140N13081,13.3835,80.0167,0.0,13.4,79.9,275.0,3.0
1879149N21087,22.5392,80.1763,0.0,22.6,79.8,280.0,9.0
1879220N21088,25.2024,78.8441,0.0,25.3,78.7,308.0,4.0
1879256N21090,21.872,84.2792,0.0,21.9,84.0,276.0,6.0
1879265N20089,21.4382,78.3222,0.0,21.4789,78.0952,278.0,5.0
1879284N19092,23.74,85.9987,0.0,24.1,86.0,359.0,9.0
1879299N20092,22.8167,91.8,0.0,23.1,91.8,358.0,7.0
1879305N15097,19.5167,94.697,0.0,19.6,94.6,314.0,3.0
1879322N13081,14.1835,79.8169,0.0,14.3,79.7,319.0,4.0
1880153N20089,24.6333,87.7021,0.0,24.8,87.7,358.0,4.0
1880177N19088,22.3481,81.0377,0.0,22.4,80.9,290.0,3.0
1880196N20089,24.1558,80.7655,0.0,24.3,80.6,315.0,5.0
1880214N20088,23.6371,78.2232,0.0,23.7387,78.0945,311.0,3.0
1880233N21089,25.4677,86.6467,0.0,25.6,86.7,22.0,3.0
1880257N19089,22.8287,78.7999,0.0,23.0781,78.3992,306.0,9.0
1880265N20088,20.6336,86.5503,0.0,20.7,86.4,296.0,4.0
1880267N21088,21.2931,82.0813,0.0,21.1,81.6,248.0,12.0
1880287N17085,18.8773,81.9258,0.0,19.3,81.8,343.0,11.0
1880325N10082,10.3168,80.2335,0.0,10.4,80.1,304.0,4.0
1881146N20090,25.2334,89.5446,0.0,25.4,89.6,17.0,4.0
1881154N20089,22.4708,88.6,0.0,22.7,88.6,0.0,6.0
1881157N21088,22.9199,78.225,0.0,23.1,78.2,351.0,5.0
1881165N21089,25.8282,88.2165,0.0,26.0,88.3,25.0,5.0
1881183N21088,21.7008,79.5181,0.0,21.8,79.2,289.0,7.0
1881194N21090,24.3263,78.5801,0.0,24.5,78.4,319.0,5.0
1881214N20087,21.5211,79.1612,0.0,21.754,78.065,283.0,20.0
1881230N21089,22.836,83.8356,0.0,23.0,83.4,292.0,10.0
1881254N20089,22.616,79.9805,0.0,23.0285,78.7374,289.0,26.0
1881277N17085,25.2658,85.1692,0.0,25.5,85.3,26.0,6.0
1881315N11082,13.1865,79.8095,0.0,13.3,79.7,316.0,4.0
1882192N21089,21.461,80.8012,0.0,21.5,80.6,282.0,4.0
1882199N21089,24.6568,79.3271,0.0,24.9447,78.4207,289.0,19.0
1882204N20089,24.375,78.4712,0.0,24.5073,78.0744,290.0,8.0
1882212N20088,20.0,88.0,0.0,20.0,88.0,,
1882231N21089,26.1606,79.9828,0.0,26.3,79.8,311.0,5.0
1882249N20090,21.9898,78.5354,0.0,22.1925,78.0999,297.0,9.0
1882257N18087,20.9708,84.5677,0.0,21.2,84.5,345.0,6.0
1882269N16092,24.8637,82.749,0.0,24.9,82.9,76.0,4.0
1882285N13085,24.5563,87.851,0.0,24.7,87.9,20.0,4.0
1882300N11089,18.9283,82.364,0.0,19.1,82.2,318.0,6.0
1882325N09089,12.9476,78.7946,0.0,13.1127,78.3663,292.0,9.0
1882332N10087,12.6284,80.3119,0.0,12.8,80.0,299.0,8.0
1883165N21087,26.6108,87.3179,0.0,26.6,87.5,96.0,4.0
1883177N20089,22.5446,79.7965,0.0,22.6133,78.6686,274.0,20.0
1883184N20090,22.7302,88.823,0.0,22.8,88.8,343.0,2.0
1883187N20089,21.7827,80.3239,0.0,21.8,79.8,271.0,12.0
1883193N19089,19.7045,84.4333,0.0,19.7,84.2,269.0,5.0
1883207N21090,22.8785,84.2183,0.0,23.0,83.9,293.0,8.0
1883234N18088,19.2668,83.8365,0.0,19.3,83.7,285.0,3.0
1883314N11095,19.921,93.4451,0.0,20.2,93.6,27.0,8.0
1883338N17086,21.0168,90.4663,0.0,21.2,90.6,33.0,5.0
1884135N11090,18.6689,91.5601,0.0,18.9,91.7,31.0,7.0
1884171N20088,26.0646,81.456,0.0,26.3,81.5,9.0,6.0
1884182N21089,26.7775,81.1376,0.0,27.0,80.9,317.0,7.0
1884191N21089,22.3634,79.0835,0.0,22.5172,78.5067,286.0,11.0
1884197N20088,21.2042,80.7075,0.0,21.3,80.6,314.0,3.0
1884200N21089,25.4898,78.217,0.0,25.6314,78.0702,318.0,4.0
1884215N21088,28.5104,78.3136,0.0,28.7,78.3,359.0,5.0
1884251N20089,22.3335,81.5783,0.0,22.4,81.4,292.0,4.0
1884261N17088,25.364,78.3159,0.0,25.6462,78.1137,326.0,7.0
1884290N10082,10.0208,78.8073,0.0,10.0,78.6,263.0,5.0
1884298N16085,21.7196,88.4629,0.0,21.9,88.8,60.0,9.0
1884305N19090,20.9168,90.5162,0.0,21.1,90.6,21.0,5.0
1884310N11082,11.0001,81.325,0.0,11.0,81.2,270.0,2.0
1884325N13083,12.5,82.5,0.0,12.5,82.5,,
1884349N08083,11.3449,79.5356,0.0,11.5,79.4,320.0,5.0
1885167N21090,23.0001,87.9844,0.0,23.0,87.9,270.0,2.0
1885177N21087,26.7766,78.9546,0.0,27.1669,78.3219,305.0,14.0
1885195N20088,21.9294,82.8861,0.0,22.1,82.6,302.0,8.0
1885204N21089,22.4169,87.4174,0.0,22.6,87.3,328.0,5.0
1885228N21088,24.2519,80.078,0.0,24.4,79.7,292.0,8.0
1885258N21088,22.102,83.4845,0.0,22.2,83.1,286.0,9.0
1885262N15093,24.0167,83.2429,0.0,24.1,83.2,333.0,2.0
1885306N13082,13.9504,79.3169,0.0,14.0,79.1,281.0,5.0
1885322N12082,22.3679,91.9302,0.0,22.7,92.2,37.0,10.0
1886143N11082,11.0503,79.6002,0.0,11.1,79.4,286.0,5.0
1886166N20089,25.2529,79.2801,0.0,25.594,78.4121,293.0,15.0
1886198N20088,23.6985,78.4721,0.0,23.6964,78.1626,266.0,5.0
1886224N16082,23.7812,78.4505,0.0,24.1461,78.0729,316.0,10.0
1886261N20088,24.6418,85.1331,0.0,24.8,85.2,20.0,4.0
1886270N15089,16.8998,78.3642,0.0,16.8997,78.0138,270.0,7.0
1886290N16087,16.7422,83.0628,0.0,16.8,82.8,284.0,6.0
1886306N10092,13.789,79.1238,0.0,13.9956,78.4515,288.0,13.0
1886319N11094,17.088,84.8604,0.0,17.1,84.6,272.0,6.0
1886342N11085,13.0845,81.068,0.0,13.3,80.7,302.0,10.0
1887141N16092,24.7375,85.124,0.0,24.8,85.1,334.0,1.0
1887162N18088,25.0063,82.3716,0.0,25.4,82.4,4.0,9.0
1887170N21088,24.9584,86.1336,0.0,25.1,86.0,319.0,4.0
1887188N25082,29.473,79.0399,0.0,29.6,79.0,346.0,3.0
1887191N23088,25.867,78.5984,0.0,26.0191,78.259,296.0,7.0
1887193N23091,22.1605,78.6275,0.0,22.2,78.2,275.0,10.0
1887198N21088,24.7741,78.5932,0.0,24.9243,78.225,296.0,7.0
1887229N18087,21.0324,83.1305,0.0,21.2,83.0,324.0,5.0
1887233N21088,25.7462,78.15,0.0,25.8522,78.056,319.0,3.0
1887252N21089,21.5845,78.4543,0.0,21.6,78.1,274.0,8.0
1887264N20088,25.8188,89.1989,0.0,25.9,89.2,3.0,2.0
1887280N11085,24.4913,80.7747,0.0,24.8,81.4,61.0,16.0
1888132N10081,10.6501,79.7334,0.0,10.7,79.6,293.0,3.0
1888184N24088,26.4074,80.9194,0.0,26.6,80.7,314.0,7.0
1888194N19087,19.1418,84.4616,0.0,19.2,84.3,291.0,4.0
1888201N21089,25.7459,81.073,0.0,25.8,81.0,313.0,2.0
1888208N25083,25.7939,78.3874,0.0,25.7849,78.1536,268.0,4.0
1888217N21088,23.1168,84.7022,0.0,23.2,84.6,314.0,3.0
1888228N23088,24.7848,79.2677,0.0,24.7941,78.4572,272.0,15.0
1888234N21089,26.6356,82.3679,0.0,26.7,82.2,294.0,4.0
1888250N20087,26.7032,81.7447,0.0,26.8,81.8,27.0,3.0
1888257N15099,22.1959,78.2079,0.0,22.5763,78.0628,337.0,8.0
1888275N15094,23.3463,91.3293,0.0,23.6,91.6,44.0,9.0
1888301N11091,12.9805,79.7094,0.0,13.0,79.5,277.0,5.0
1888347N10087,10.2835,78.8229,0.0,10.3,78.7,281.0,3.0
1889159N15087,24.9877,88.9612,0.0,25.1,89.1,49.0,4.0
1889200N21089,25.5117,82.5505,0.0,25.6,82.5,336.0,2.0
1889208N21089,23.166,84.2067,0.0,23.3,84.0,306.0,6.0
1889217N21089,22.9283,78.4577,0.0,23.1,78.3,319.0,5.0
1889228N21089,25.7921,78.2545,0.0,25.8744,78.0509,291.0,4.0
1889260N17088,25.8575,82.446,0.0,26.1,82.6,30.0,7.0
1889288N14083,19.2681,80.4301,0.0,19.3,80.6,78.0,4.0
1889298N21088,22.4439,89.6434,0.0,22.6,89.8,43.0,5.0
1889322N13084,19.3206,85.0796,0.0,19.8,85.2,14.0,12.0
1889351N10081,10.3835,79.8334,0.0,10.4,79.7,280.0,3.0
1889357N14087,14.8991,81.4469,0.0,14.9,81.3,270.0,3.0
1890125N12094,19.0407,94.8841,0.0,19.3,95.0,24.0,7.0
1890169N19086,25.0413,79.7336,0.0,25.3,79.4,311.0,10.0
1890173N23089,25.151,87.6957,0.0,25.3,87.7,0.0,4.0
1890182N20088,22.9605,79.4703,0.0,23.3986,78.3556,292.0,22.0
1890192N25084,24.9784,80.2605,0.0,25.0,80.1,281.0,3.0
1890224N24087,25.7501,80.2762,0.0,25.9,80.2,337.0,4.0
1890266N18085,24.3403,83.6935,0.0,24.4,84.0,77.0,7.0
1890283N14085,21.5823,86.5831,0.0,21.8,86.7,27.0,6.0
1890294N17090,24.1083,90.1,0.0,24.2,90.1,6.0,2.0
1891140N10082,17.0479,84.451,0.0,17.2,84.5,15.0,4.0
1891205N22088,24.4802,78.7229,0.0,24.626,78.3172,291.0,7.0
1891213N20091,22.9192,82.6749,0.0,23.1,82.4,307.0,8.0
1891224N23089,25.896,81.2702,0.0,26.0,81.2,334.0,3.0
1891245N20089,25.3523,80.3611,0.0,25.5,80.1,303.0,7.0
1891248N21089,25.325,78.225,0.0,25.387,78.0769,297.0,3.0
1891254N20088,25.4375,81.6021,0.0,25.5,81.6,352.0,1.0
1891260N19087,21.5383,79.1447,0.0,21.8149,78.3313,291.0,17.0
1891263N16097,25.9645,81.822,0.0,25.9,81.9,129.0,2.0
1891293N10084,12.0491,80.4398,0.0,12.2,80.2,304.0,7.0
1891305N10097,24.0169,92.7892,0.0,24.2,93.2,64.0,10.0
1891324N12088,16.6701,93.2204,0.0,16.9,93.5,50.0,9.0
1892160N19089,25.4115,80.6418,0.0,25.5,80.6,338.0,2.0
1892191N20089,24.1143,82.1947,0.0,24.3,82.1,335.0,5.0
1892200N24086,25.9178,82.9939,0.0,26.0,82.9,316.0,3.0
1892204N23087,24.7856,78.7145,0.0,24.9685,78.2058,291.0,10.0
1892242N18087,23.104,78.6449,0.0,23.1022,78.1618,270.0,9.0
1892251N18091,24.2944,78.5584,0.0,24.5831,78.0534,303.0,11.0
1892263N15086,18.6377,78.8596,0.0,18.8609,78.2748,292.0,13.0
1892288N10092,15.023,80.7012,0.0,15.1,80.2,279.0,12.0
1892292N14094,16.75,78.8462,0.0,16.8348,78.4115,281.0,9.0
1892300N11086,18.9609,79.1643,0.0,19.1,79.4,58.0,6.0
1893115N12092,16.8669,95.52,0.0,17.2,95.8,39.0,10.0
1893143N20087,23.8397,89.7666,0.0,23.9,89.9,63.0,3.0
1893163N13092,23.8802,80.4699,0.0,24.0,80.6,45.0,4.0
1893176N23091,24.9373,79.2375,0.0,25.1565,78.5091,287.0,14.0
1893212N20088,24.163,79.2746,0.0,24.3,79.0,299.0,7.0
1893244N21088,26.6675,78.3615,0.0,27.1499,78.0561,328.0,11.0
1893252N18090,24.2483,79.1761,0.0,24.2872,78.5224,275.0,12.0
1893264N18089,25.9324,84.7675,0.0,26.0,84.8,22.0,2.0
1893293N16091,21.7632,90.6154,0.0,22.1,90.9,38.0,10.0
1893298N11096,15.7479,92.877,0.0,15.9,92.9,8.0,4.0
1893308N10084,12.3095,79.7303,0.0,12.4,79.6,306.0,4.0
1894117N13093,16.3564,96.0175,0.0,16.5,96.2,52.0,6.0
1894164N23091,24.0073,78.9828,0.0,24.0214,78.3675,271.0,12.0
1894172N20087,26.4556,81.9708,0.0,26.9,81.9,351.0,11.0
1894184N25089,25.7964,78.4837,0.0,25.8134,78.0128,271.0,7.0
1894192N20087,21.6711,79.2036,0.0,21.8236,78.0038,278.0,23.0
1894197N20089,22.1673,78.7448,0.0,22.1802,78.3869,272.0,6.0
1894205N22088,23.9584,81.5646,0.0,24.0,81.4,283.0,4.0
1894225N23088,24.9876,79.6938,0.0,25.0,79.6,275.0,2.0
1894270N20087,24.8375,80.9406,0.0,24.9,81.0,41.0,2.0
1894275N21088,25.5842,80.651,0.0,25.7,80.4,297.0,7.0
1894303N13090,16.6909,81.9304,0.0,16.8,81.7,296.0,6.0
1895112N11086,20.2532,92.2522,0.0,20.6,92.7,51.0,13.0
1895170N21088,24.1572,78.776,0.0,24.5741,78.32,313.0,12.0
1895179N21088,27.0658,80.884,0.0,27.3,80.8,343.0,6.0
1895199N20088,25.0657,85.0305,0.0,25.2,85.0,346.0,3.0
1895211N21088,25.8386,80.4107,0.0,26.0,80.3,330.0,5.0
1895218N20088,24.1859,79.3596,0.0,24.1773,78.5201,272.0,16.0
1895247N17087,18.4065,78.7478,0.0,18.6666,78.1258,293.0,13.0
1895259N18090,25.6949,83.216,0.0,25.9,83.0,317.0,7.0
1895273N18087,23.0513,90.0807,0.0,23.3,90.3,39.0,8.0
1895344N12089,22.2952,90.4507,0.0,22.8,90.7,24.0,14.0
1896170N21089,24.5994,79.0652,0.0,24.7772,78.748,305.0,5.0
1896178N21090,26.1146,78.4368,0.0,26.3,78.125,305.0,7.0
1896204N21089,21.6501,78.3624,0.0,21.7462,78.0137,285.0,7.0
1896208N21090,22.5345,78.9469,0.0,22.6,78.9,329.0,2.0
1896214N21089,22.9656,80.8761,0.0,23.1,80.5,290.0,9.0
1896226N21088,22.4339,78.7756,0.0,22.5402,78.004,278.0,14.0
1896233N22089,24.9169,85.4871,0.0,25.1,85.3,319.0,6.0
1896257N20090,25.0449,88.4092,0.0,25.1,88.5,52.0,2.0
1896319N06079,6.33945,78.5694,0.0,6.48471,78.2161,292.0,8.0
1897133N15096,16.8333,95.8,0.0,17.0,95.8,0.0,4.0
1897166N20089,24.4896,79.0899,0.0,24.5,79.0,273.0,2.0
1897190N21088,22.2366,82.4858,0.0,22.4,82.0,290.0,11.0
1897195N25088,25.5001,78.4416,0.0,25.5002,78.1975,270.0,4.0
1897225N21088,25.3682,78.5761,0.0,25.6398,78.3459,323.0,6.0
1897252N19085,19.6924,78.8712,0.0,19.8838,78.265,287.0,13.0
1897266N17090,27.5229,78.089,0.0,27.9,78.1,0.0,9.0
1897275N18084,25.1438,84.8066,0.0,25.5,84.9,13.0,9.0
1897294N14096,20.3396,90.5906,0.0,20.5,90.6,0.0,4.0
1897360N13085,15.9376,86.0906,0.0,16.0,86.2,60.0,3.0
1898125N13095,18.4575,90.9321,0.0,18.8,90.8,341.0,8.0
1898164N18086,25.6563,89.4104,0.0,25.7,89.5,64.0,2.0
1898183N21089,24.1657,78.4836,0.0,24.2146,78.0499,277.0,8.0
1898197N25085,26.2515,79.0735,0.0,26.3499,78.525,281.0,10.0
1898221N21089,25.2636,85.2367,0.0,25.4,85.2,346.0,3.0
1898225N24090,25.466,84.0689,0.0,25.5,83.9,283.0,4.0
1898233N22091,23.3315,79.8317,0.0,23.5,79.4,293.0,10.0
1898240N24090,23.8784,81.1939,0.0,23.9,81.0,278.0,4.0
1898254N18087,25.7771,85.1802,0.0,25.9,85.2,12.0,3.0
1898263N21089,26.6257,80.2975,0.0,26.7,80.1,293.0,4.0
1898282N13085,24.6229,89.3603,0.0,24.8,89.7,60.0,8.0
1898309N11085,13.1778,78.5426,0.0,13.225,78.2037,279.0,6.0
1899118N13094,16.5344,94.5729,0.0,16.6,94.6,23.0,2.0
1899194N23089,26.9957,82.0529,0.0,27.1,81.5,282.0,12.0
1899220N16094,23.6989,81.7812,0.0,23.9,81.6,321.0,7.0
1899239N20087,25.4431,84.5897,0.0,25.5,84.8,75.0,5.0
1899252N18092,25.6522,84.5991,0.0,25.6,84.8,107.0,5.0
1899264N17089,24.103,87.9321,0.0,24.3,87.9,351.0,5.0
1899285N11082,23.3974,90.1803,0.0,23.6,90.4,46.0,7.0
1900162N19088,25.0729,88.9782,0.0,25.2,89.3,65.0,7.0
1900173N21088,22.9272,88.4926,0.0,23.0,88.6,54.0,3.0
1900194N21088,26.591,78.6319,0.0,26.9,78.2,308.0,12.0
1900210N19088,23.6513,81.2455,0.0,23.9,80.9,308.0,10.0
1900221N20088,22.6925,78.5787,0.0,22.9037,78.1226,296.0,9.0
1900227N20091,24.9393,78.5333,0.0,25.066,78.0843,286.0,8.0
1900237N21090,26.5698,80.1532,0.0,26.6,80.1,301.0,1.0
1900258N21088,25.5534,81.8964,0.0,25.7,82.1,52.0,6.0
1900277N15087,23.9774,84.9831,0.0,24.0,85.1,82.0,2.0
1900296N11085,13.2344,81.4516,0.0,13.5,81.1,308.0,10.0
1901264N17085,22.6115,79.9733,0.0,22.9,79.9,347.0,7.0
1901278N17087,20.9957,90.2749,0.0,21.1,90.4,50.0,4.0
1901286N17087,18.875,78.8462,0.0,19.2115,78.377,306.0,12.0
1901318N16084,22.9004,92.6221,0.0,23.1,92.9,52.0,8.0
1901328N12088,24.4086,89.698,0.0,24.7,89.9,32.0,8.0
1902125N14095,15.9333,95.5833,0.0,16.1,95.6,3.0,4.0
1902196N21089,26.8625,78.824,0.0,27.0,78.8,350.0,3.0
1902208N22088,28.6264,79.0169,0.0,28.8,79.2,42.0,6.0
1902231N18086,22.1853,78.4482,0.0,22.332,78.094,296.0,7.0
1902236N20088,24.5323,78.8724,0.0,24.6409,78.4257,286.0,8.0
1902244N21088,23.1579,79.8832,0.0,23.1386,78.9387,269.0,17.0
1902266N18090,25.3081,85.3368,0.0,25.7,85.2,342.0,10.0
1902300N09085,14.1512,79.0211,0.0,14.3,78.8,305.0,6.0
1903176N22088,22.6174,85.6339,0.0,22.7,85.4,290.0,5.0
1903193N18087,19.8375,85.4,0.0,19.9,85.4,0.0,2.0
1903204N21087,20.8033,81.5999,0.0,20.8,81.1,270.0,11.0
1903213N20087,23.3465,80.8921,0.0,23.6,80.5,305.0,11.0
1903241N17085,18.0835,84.1003,0.0,18.2,84.0,319.0,4.0
1903254N23089,26.4397,80.3209,0.0,26.5,80.2,299.0,3.0
1903278N19086,24.8043,81.1856,0.0,24.7,81.3,136.0,3.0
1903301N13084,21.6487,85.7696,0.0,21.7,86.1,81.0,7.0
1903308N11087,12.7617,80.4628,0.0,12.9,80.2,298.0,7.0
1903317N14087,19.9332,92.4678,0.0,20.0,92.9,80.0,10.0
1903329N10087,10.5906,82.5652,0.0,10.7,82.2,287.0,9.0
1904146N14083,24.2943,88.0928,0.0,24.6,88.6,56.0,13.0
1904162N21089,24.8741,90.5049,0.0,25.0,90.6,34.0,4.0
1904184N22085,21.6013,81.9166,0.0,21.6,81.6,270.0,7.0
1904189N23089,25.582,78.3354,0.0,25.714,78.1441,307.0,4.0
1904225N20089,25.5585,80.4908,0.0,25.6,80.4,295.0,2.0
1904233N21089,26.316,78.5105,0.0,26.5432,78.2206,310.0,7.0
1904254N18086,27.5095,78.1193,0.0,27.7,78.3,41.0,6.0
1904288N13085,22.194,81.9251,0.0,22.5,82.1,26.0,9.0
1904326N13089,21.8761,92.2117,0.0,22.3,92.4,23.0,11.0
1905181N21087,26.7802,80.4539,0.0,27.0,80.5,9.0,6.0
1905186N22089,23.3211,78.7675,0.0,23.364,78.3349,275.0,9.0
1905192N21090,24.8167,84.5875,0.0,24.9,84.4,297.0,5.0
1905200N21089,21.57,79.6046,0.0,21.6462,78.8,275.0,15.0
1905250N19087,22.1617,78.9459,0.0,22.4536,78.2476,293.0,14.0
1905265N16087,22.3942,79.367,0.0,22.8,79.1,329.0,11.0
1905271N22089,25.8751,85.5572,0.0,26.1,85.6,9.0,5.0
1905296N17086,22.5321,92.3844,0.0,22.7,92.7,60.0,8.0
1905342N15092,16.45,92.5666,0.0,16.6,92.6,13.0,4.0
1906015N08084,9.39488,79.6323,0.0,9.4,79.5,271.0,3.0
1906169N19086,23.3336,78.4527,0.0,23.4679,78.2728,309.0,5.0
1906188N24090,22.299,82.0367,0.0,22.4,81.9,308.0,4.0
1906202N20087,22.1448,80.7432,0.0,22.3,80.5,304.0,7.0
1906206N21091,23.3877,86.2688,0.0,23.4,86.1,273.0,4.0
1906239N20086,23.9393,78.492,0.0,24.0,78.2,283.0,7.0
1906255N22089,25.5461,78.8173,0.0,25.839,78.258,300.0,12.0
1906267N17088,25.0091,81.172,0.0,25.4,81.0,338.0,11.0
1906300N11085,16.9188,83.749,0.0,17.1,83.7,344.0,4.0
1906360N11083,12.0837,80.5004,0.0,12.2,80.3,302.0,6.0
1907067N08085,7.31043,82.0083,0.0,7.2,81.9,225.0,4.0
1907135N18092,18.2,92.3,0.0,18.2,92.3,,
1907164N16085,23.7719,85.8949,0.0,23.8,85.8,289.0,2.0
1907174N20090,22.7917,84.8289,0.0,22.7,84.6,246.0,6.0
1907224N21088,23.8472,81.2089,0.0,24.0,81.0,310.0,6.0
1907230N23088,23.3925,84.0028,0.0,23.6,83.8,319.0,7.0
1907238N21087,20.7,87.4,0.0,20.7,87.4,,
1907244N23089,24.3749,87.1114,0.0,24.5,87.0,320.0,4.0
1907278N21090,20.9667,90.8333,0.0,21.0,90.9,62.0,2.0
1907286N15091,13.6865,82.0666,0.0,13.6,82.0,215.0,3.0
1907316N10087,15.4897,81.7097,0.0,15.6,81.6,316.0,4.0
1907328N09096,12.0553,83.3795,0.0,12.3,82.8,293.0,15.0
1908168N21089,24.2366,88.0937,0.0,24.2,88.0,245.0,2.0
1908214N20086,21.8857,81.4181,0.0,22.0,81.0,286.0,10.0
1908220N21088,22.1835,86.7171,0.0,22.3,86.6,314.0,4.0
1908241N19087,24.6999,78.4249,0.0,24.8972,78.0681,302.0,8.0
1908268N17085,16.5001,81.1792,0.0,16.5,81.1,270.0,2.0
1908306N10084,13.5187,83.8056,0.0,13.8,83.9,17.0,7.0
1908314N14093,15.6906,93.2948,0.0,15.8,93.3,4.0,3.0
1908365N08083,10.3076,78.9951,0.0,10.4642,78.3058,286.0,12.0
1909123N09084,10.6672,80.5672,0.0,10.8,80.3,297.0,7.0
1909132N14090,17.2305,92.7016,0.0,17.1,92.9,126.0,5.0
1909212N21089,23.992,78.7884,0.0,24.2172,78.1088,289.0,13.0
1909245N15084,17.2231,79.2418,0.0,17.451,78.8183,299.0,5.0
1909264N21088,21.2535,82.5174,0.0,21.3,82.0,276.0,12.0
1909288N14094,23.4512,89.3038,0.0,23.7,89.4,20.0,6.0
1909297N16094,19.3952,84.9629,0.0,19.5,84.7,292.0,6.0
1909336N12085,21.5476,91.8487,0.0,21.8,92.2,51.0,10.0
1910103N12090,21.6472,95.4909,0.0,22.0,96.0,53.0,14.0
1910182N20090,22.5501,79.08,0.0,22.6504,78.1866,278.0,15.0
1910213N19087,24.0424,78.4524,0.0,24.3602,78.1865,317.0,8.0
1910251N22088,26.3596,78.7321,0.0,26.7306,78.28,310.0,12.0
1910307N09083,14.5236,81.3849,0.0,14.7,81.0,296.0,10.0
1910316N15086,19.1305,91.4402,0.0,19.2,91.7,75.0,6.0
1911105N14087,18.7764,89.2422,0.0,19.0,89.5,47.0,8.0
1911160N18089,23.5409,89.3279,0.0,23.6,89.5,69.0,4.0
1911169N21088,23.9747,85.7131,0.0,24.0,86.0,86.0,6.0
1911240N19087,21.7891,81.3317,0.0,22.0,81.0,304.0,9.0
1911263N16093,24.6188,78.2672,0.0,24.8102,78.0197,311.0,6.0
1911293N10097,16.8334,92.4196,0.0,17.0,92.5,23.0,4.0
1912209N20088,22.9791,79.8704,0.0,23.3061,78.5762,286.0,23.0
1912214N18086,23.8698,80.5073,0.0,23.9,80.4,286.0,3.0
1912241N20087,26.2712,78.4037,0.0,26.4143,78.0495,293.0,7.0
1912249N22089,25.3637,78.6012,0.0,25.4,78.3,278.0,7.0
1912266N15085,19.6784,78.907,0.0,20.0857,78.3363,305.0,14.0
1912302N08089,24.4293,88.2774,0.0,24.7,88.4,21.0,7.0
1912324N08080,8.15524,79.2601,0.0,8.40854,78.529,288.0,13.0
1912352N06082,6.867,78.567,0.0,7.0,78.3,297.0,7.0
1913197N19087,22.2272,79.6991,0.0,22.5206,78.6535,287.0,20.0
1913204N21090,23.5727,79.1083,0.0,23.6208,78.4173,274.0,13.0
1913211N22089,23.0512,81.2563,0.0,23.1,81.1,291.0,4.0
1913218N23090,26.0,88.9083,0.0,26.0,89.0,90.0,2.0
1913236N24079,24.0,78.9,0.0,24.1672,78.4004,290.0,10.0
1913242N20087,21.5418,78.5119,0.0,21.7064,78.1103,295.0,8.0
1913286N18086,24.8775,88.879,0.0,25.1,89.1,42.0,7.0
1913304N15093,15.6167,93.3,0.0,15.7,93.3,0.0,2.0
1913311N07086,10.0826,81.5409,0.0,10.2,81.3,296.0,6.0
1913349N06085,7.01683,82.8835,0.0,7.1,82.7,297.0,5.0
1914133N13091,23.4559,87.7577,0.0,23.7,88.2,59.0,11.0
1914153N18089,20.0519,92.5151,0.0,20.2,92.9,69.0,9.0
1914175N19087,20.8469,78.3409,0.0,20.9493,78.0417,288.0,6.0
1914191N19087,24.635,78.9339,0.0,24.7,78.8,299.0,3.0
1914216N24086,25.0,79.8136,0.0,25.0,79.6,270.0,5.0
1914256N18083,19.4219,78.4628,0.0,19.5918,78.2404,309.0,5.0
1914275N11094,17.7969,90.276,0.0,18.0,90.3,7.0,5.0
1914353N09085,16.346,87.5278,0.0,16.6,87.8,46.0,9.0
1915174N17088,23.3481,78.6423,0.0,23.6,78.5,333.0,7.0
1915213N19089,26.1698,78.3314,0.0,26.3,78.3,347.0,3.0
1915238N18087,26.2604,81.5791,0.0,26.3,81.6,32.0,1.0
1915249N19086,19.0803,81.5489,0.0,19.3,81.3,314.0,8.0
1915273N17089,25.5698,82.0186,0.0,25.7,82.1,28.0,4.0
1915283N19087,19.7033,81.518,0.0,19.8,81.0,282.0,12.0
1915308N13087,15.0415,79.2064,0.0,15.0867,78.5242,275.0,14.0
1915319N17085,17.9835,86.283,0.0,18.1,86.4,47.0,4.0
1915337N10090,14.6804,94.6132,0.0,14.8,94.8,59.0,5.0
1916125N13091,22.7306,94.0778,0.0,23.1,94.3,29.0,11.0
1916156N19091,24.3966,86.5963,0.0,24.5,86.3,291.0,7.0
1916163N21088,24.1248,78.9174,0.0,24.3631,78.3743,295.0,12.0
1916226N21089,20.7858,84.0335,0.0,20.8,83.6,273.0,10.0
1916232N25080,24.7977,78.5746,0.0,24.8574,78.2859,282.0,5.0
1916263N18091,23.6499,78.2052,0.0,23.7499,78.0424,302.0,4.0
1916276N18088,24.3205,84.5235,0.0,24.4,84.9,78.0,9.0
1916289N10088,12.0071,79.1042,0.0,12.2074,78.4023,287.0,14.0
1916295N12088,18.7297,78.4254,0.0,18.8805,78.2025,304.0,6.0
1916301N15092,16.2035,81.4823,0.0,16.2,81.2,270.0,6.0
1916306N18090,22.3671,93.1311,0.0,22.8,93.3,18.0,11.0
1916312N15095,24.1266,89.9135,0.0,24.2,90.2,75.0,7.0
1916326N09088,12.5215,79.0876,0.0,12.6,78.7,281.0,9.0
1917121N10084,24.4856,87.2345,0.0,24.8,87.2,355.0,8.0
1917164N22089,25.4779,78.9742,0.0,25.6711,78.425,291.0,10.0
1917177N20088,24.8035,79.0902,0.0,25.0,79.0,339.0,5.0
1917211N23090,25.3708,82.2209,0.0,25.4,82.0,278.0,5.0
1917219N21088,24.3735,79.3835,0.0,24.6601,78.7225,295.0,12.0
1917248N18087,25.287,78.4236,0.0,25.6514,78.1811,328.0,9.0
1917274N19089,24.3755,88.8415,0.0,24.4,89.0,79.0,3.0
1917297N11093,23.1355,89.46,0.0,23.4,89.6,25.0,7.0
1918014N07086,13.9762,80.9763,0.0,14.1,80.8,304.0,5.0
1918144N21091,21.5669,92.0665,0.0,21.6,92.2,80.0,3.0
1918165N21088,23.6859,81.8942,0.0,23.9,81.9,357.0,5.0
1918209N20089,21.6436,83.2682,0.0,21.8,83.0,301.0,7.0
1918226N20088,20.7479,87.0729,0.0,20.8,87.0,306.0,2.0
1918238N24084,23.835,78.5575,0.0,23.9555,78.0607,282.0,9.0
1918247N20088,23.7959,86.1303,0.0,23.9,86.0,311.0,4.0
1918285N20089,20.6174,91.3661,0.0,20.7,91.6,68.0,6.0
1918314N10085,12.5022,80.0183,0.0,12.7,79.5,291.0,13.0
1918321N09083,13.4907,85.2467,0.0,13.6,85.3,22.0,3.0
1918343N07088,11.0742,83.3513,0.0,11.2,83.2,309.0,4.0
1919182N20087,24.6224,78.906,0.0,24.8,78.9,0.0,4.0
1919209N18090,23.6459,78.6736,0.0,23.9463,78.042,294.0,14.0
1919217N21091,26.2764,80.3296,0.0,26.4,80.1,302.0,6.0
1919223N22089,23.8696,82.3424,0.0,23.9,82.0,276.0,8.0
1919236N19088,26.8377,78.7929,0.0,26.9,78.6,290.0,4.0
1919243N20089,24.3138,84.2702,0.0,24.4,84.1,297.0,4.0
1919266N15089,24.2852,90.6284,0.0,24.6,90.9,38.0,9.0
1919305N10084,11.585,79.086,0.0,11.6167,78.2369,272.0,10.0
1919317N14085,20.3302,89.4009,0.0,20.5,89.6,50.0,6.0
1919363N08086,6.42882,78.8624,0.0,6.28676,78.1523,258.0,13.0
1920121N11088,18.4681,92.2864,0.0,18.6,92.6,66.0,8.0
1920172N20087,27.4787,78.4686,0.0,27.7929,78.1922,322.0,8.0
1920184N17087,20.0954,85.5203,0.0,20.2,85.3,298.0,5.0
1920197N17087,20.1076,85.5626,0.0,20.2,85.3,293.0,5.0
1920203N23089,26.4511,78.4785,0.0,26.7,78.4,346.0,6.0
1920212N21089,23.2666,84.6627,0.0,23.4,84.5,311.0,5.0
1920218N21092,24.7856,81.3075,0.0,24.9,81.1,301.0,6.0
1920238N19088,22.8287,78.5107,0.0,22.9,78.1,280.0,9.0
1920250N17090,24.1545,85.1937,0.0,24.4,85.0,323.0,7.0
1921096N10084,15.1,82.4604,0.0,15.2,82.5,21.0,3.0
1921205N18089,24.4187,79.529,0.0,24.5608,78.5848,280.0,18.0
1921220N21088,23.3354,83.3854,0.0,23.5,83.0,293.0,9.0
1921245N18089,24.1787,78.1925,0.0,24.3027,78.0096,307.0,5.0
1921245N23080,23.4757,79.7037,0.0,23.5485,78.8761,276.0,13.0
1921258N18086,26.845,78.7988,0.0,26.9,78.9,53.0,2.0
1921277N11097,14.5163,78.9336,0.0,14.6358,78.4274,285.0,10.0
1921297N12086,20.547,89.8517,0.0,20.7,90.0,42.0,4.0
1921310N11089,16.8696,92.4232,0.0,17.1,92.8,57.0,10.0
1921361N05086,5.56866,78.703,0.0,5.57731,78.6113,96.0,1.0
1922109N09093,18.9802,90.4415,0.0,19.2,90.5,15.0,5.0
1922188N20089,24.6637,83.2348,0.0,24.8,83.1,318.0,4.0
1922208N21088,24.217,80.567,0.0,24.3,80.5,327.0,2.0
1922214N23088,25.1168,83.3273,0.0,25.2,83.2,307.0,4.0
1922231N21088,25.4899,79.0439,0.0,25.6021,78.1609,280.0,16.0
1922251N19088,21.6818,80.3743,0.0,21.9,79.9,296.0,12.0
1922265N20088,23.8221,87.8436,0.0,23.9,88.0,63.0,4.0
1922288N10091,14.6157,82.9105,0.0,14.7,82.8,311.0,3.0
1922312N14097,19.4074,92.9528,0.0,19.7,93.0,10.0,7.0
1922321N12096,16.2265,81.9461,0.0,16.3,81.7,287.0,6.0
1922329N09089,8.20656,78.172,0.0,8.23821,78.0849,281.0,2.0
1922340N08091,17.8848,92.7528,0.0,18.0,93.0,64.0,6.0
1923006N06092,8.7146,79.1031,0.0,8.9,79.1,0.0,5.0
1923117N14093,17.3468,91.3104,0.0,17.6,91.3,0.0,6.0
1923122N14085,21.0595,91.8104,0.0,21.1,92.0,78.0,4.0
1923185N23086,24.5255,78.5615,0.0,24.7137,78.2462,299.0,7.0
1923200N19087,22.7034,80.74,0.0,22.8,80.2,281.0,12.0
1923209N23091,24.744,79.3096,0.0,24.8,79.2,302.0,3.0
1923217N23089,25.9307,78.511,0.0,26.1,78.2,303.0,7.0
1923222N22091,23.2872,82.123,0.0,23.4,81.9,298.0,6.0
1923227N21089,23.6574,84.7074,0.0,23.7,84.6,292.0,2.0
1923233N21090,23.9565,79.1501,0.0,24.0,79.0,286.0,4.0
1923258N15086,27.7474,80.9928,0.0,27.9,81.2,49.0,5.0
1923271N17086,25.1035,81.703,0.0,25.2,81.9,61.0,5.0
1923300N09083,16.5604,82.1457,0.0,16.7,82.2,23.0,4.0
1923314N10090,20.2364,87.1989,0.0,20.3,87.3,56.0,3.0
1923356N08087,10.8813,87.075,0.0,11.0,87.1,14.0,3.0
1924069N07093,10.5938,91.0323,0.0,10.7,91.0,342.0,3.0
1924118N10096,13.975,94.0479,0.0,14.1,94.1,23.0,3.0
1924140N14094,20.2313,91.7009,0.0,20.3,91.8,54.0,3.0
1924166N18091,23.2887,91.3471,0.0,23.4,91.2,310.0,4.0
1924216N21090,25.738,78.5968,0.0,25.8,78.3,284.0,7.0
1924238N19089,24.0713,78.7513,0.0,24.2206,78.208,287.0,9.0
1924244N13096,26.7695,78.2562,0.0,26.7795,78.1127,277.0,2.0
1924267N09089,28.606,78.7658,0.0,28.9,79.1,45.0,10.0
1924275N15088,18.003,81.8827,0.0,18.2,81.6,306.0,8.0
1924283N15093,21.1527,78.4325,0.0,26.9,78.1,284.0,11.0
1924292N14092,21.9917,91.4209,0.0,22.2,91.4,353.0,5.0
1924309N09086,17.2127,82.4853,0.0,17.3,82.7,66.0,6.0
1924319N11089,18.6834,84.9386,0.0,18.8,84.9,344.0,3.0
1925012N04079,4.48565,78.4013,0.0,4.5668,78.1593,286.0,5.0
1925071N06079,11.4469,80.7834,0.0,11.5,80.7,309.0,2.0
1925100N14094,16.9628,94.572,0.0,17.0,94.8,80.0,5.0
1925132N11092,25.2022,90.8903,0.0,25.4,91.2,54.0,8.0
1925153N19071,25.4878,79.8721,0.0,25.7,80.2,54.0,9.0
1925177N20089,25.9876,81.4021,0.0,26.0,81.2,272.0,5.0
1925184N21089,22.8175,85.201,0.0,23.0,85.1,333.0,5.0
1925192N21088,25.1362,79.2892,0.0,25.4,79.0,315.0,9.0
1925206N22089,23.1187,80.9141,0.0,23.2,80.5,281.0,9.0
1925232N21089,22.8076,81.1277,0.0,23.0,80.6,291.0,13.0
1925242N19087,25.8125,85.5281,0.0,25.8,85.6,107.0,2.0
1925249N20088,25.6578,81.6568,0.0,25.7,81.5,286.0,3.0
1925257N23091,26.3689,88.2087,0.0,26.5,88.1,325.0,4.0
1925287N14094,16.5317,95.4369,0.0,16.5,95.7,96.0,6.0
1925287N16083,20.4753,89.4958,0.0,20.7,90.0,64.0,13.0
1925310N08084,6.81376,78.7038,0.0,6.86141,78.3213,274.0,7.0
1925318N15094,15.0,93.8,0.0,15.0,93.8,,
1925328N09086,13.0866,80.6521,0.0,13.1,80.5,273.0,4.0
1925353N11090,12.7337,87.1173,0.0,12.9,86.9,309.0,6.0
1926139N09085,23.7472,94.7538,0.0,24.0,95.0,42.0,8.0
1926186N22091,23.2547,79.7365,0.0,23.5193,78.7161,284.0,20.0
1926217N18087,21.7527,81.475,0.0,21.8,81.0,277.0,11.0
1926225N24088,23.8052,78.5732,0.0,23.9787,78.2424,301.0,7.0
1926247N24087,25.2648,78.9594,0.0,25.3037,78.4424,278.0,10.0
1926257N16089,23.649,81.3477,0.0,23.8,81.4,20.0,4.0
1926272N16093,19.7544,79.4254,0.0,19.9,79.1,296.0,8.0
1926288N14095,21.9588,95.6501,0.0,22.2,95.9,43.0,8.0
1926325N10085,18.8023,93.6113,0.0,18.9,93.8,61.0,5.0
1926358N10087,20.1718,90.215,0.0,20.7,90.3,8.0,13.0
1927125N13088,17.3345,90.7789,0.0,17.5,90.9,36.0,5.0
1927134N14096,17.4572,91.5809,0.0,17.7,91.6,6.0,6.0
1927151N17091,25.0875,87.5834,0.0,25.2,87.6,13.0,3.0
1927167N19087,27.3584,78.5173,0.0,27.7,78.6,12.0,8.0
1927192N22085,21.9033,79.5584,0.0,22.0581,78.5384,279.0,19.0
1927201N19088,22.2012,85.8513,0.0,22.3,85.7,305.0,4.0
1927204N21088,24.1983,78.7562,0.0,24.3559,78.2267,290.0,10.0
1927208N20089,22.9116,85.7421,0.0,23.0,85.6,302.0,4.0
1927223N20086,24.2814,82.215,0.0,24.4,82.1,319.0,4.0
1927228N21088,24.6794,79.0056,0.0,24.8301,78.4015,286.0,11.0
1927233N17090,22.8375,82.4105,0.0,23.0,82.4,357.0,4.0
1927244N21088,21.1501,87.2835,0.0,21.2,87.2,308.0,2.0
1927261N15088,16.0779,80.1422,0.0,16.2246,79.0612,278.0,21.0
1927277N17089,25.5354,80.3759,0.0,25.7,80.4,9.0,4.0
1927302N10091,14.9962,78.5924,0.0,15.2005,78.2075,297.0,9.0
1927318N13089,19.524,92.3332,0.0,19.6,92.4,41.0,2.0
1928085N11089,14.0633,83.3496,0.0,14.2,83.0,291.0,8.0
1928157N19089,20.4907,91.2654,0.0,20.6,91.4,50.0,4.0
1928167N24088,23.3709,86.3292,0.0,23.4,86.2,285.0,3.0
1928199N19092,22.5688,81.1114,0.0,22.6,80.8,276.0,7.0
1928205N19089,24.6015,79.4374,0.0,24.8,79.2,313.0,7.0
1928214N21091,21.8668,89.9004,0.0,22.0,89.8,325.0,4.0
1928237N18089,22.6,78.3849,0.0,22.8,78.1287,309.0,6.0
1928244N22087,26.1802,81.6469,0.0,26.3,81.6,343.0,3.0
1928275N15094,23.3388,82.9165,0.0,23.4,83.1,69.0,4.0
1928293N10084,12.7178,81.7428,0.0,12.8,81.6,300.0,4.0
1928318N08091,18.2542,87.1115,0.0,18.3,87.2,59.0,2.0
1928357N10088,10.7042,83.9842,0.0,10.6,83.8,242.0,5.0
1929003N11091,12.3035,81.7721,0.0,12.4,81.5,290.0,7.0
1929132N14087,18.9802,91.6721,0.0,19.2,92.1,61.0,11.0
1929153N17091,22.5605,92.3746,0.0,22.8,92.5,25.0,7.0
1929170N19086,25.9796,81.3082,0.0,26.0,81.6,84.0,6.0
1929192N20088,22.1861,80.0361,0.0,22.3232,78.9045,279.0,21.0
1929196N21089,25.926,81.1167,0.0,26.0,81.0,303.0,3.0
1929204N22090,24.5956,78.7066,0.0,24.7824,78.2749,298.0,9.0
1929208N23090,24.0095,82.4524,0.0,24.1,82.3,305.0,4.0
1929219N21090,23.4667,86.1688,0.0,23.5,86.1,298.0,2.0
1929235N20088,23.791,79.2359,0.0,24.065,78.4453,291.0,12.0
1929240N19089,20.9834,82.1616,0.0,21.1,82.1,334.0,3.0
1929275N12085,22.7761,84.9382,0.0,23.0,85.1,33.0,7.0
1929307N08086,10.1836,83.9006,0.0,10.4,83.7,318.0,7.0
1929330N11084,11.2376,81.4778,0.0,11.1,81.4,208.0,4.0
1930125N06083,12.9544,78.1105,0.0,13.0,78.3,77.0,5.0
1930132N18089,18.7856,94.5665,0.0,18.8,95.0,89.0,10.0
1930179N19089,22.1706,80.962,0.0,22.3,80.7,297.0,7.0
1930196N20092,24.0499,78.3386,0.0,24.16,78.0266,290.0,7.0
1930198N22088,23.3175,84.6347,0.0,23.5,84.4,313.0,7.0
1930249N18091,19.8463,82.4126,0.0,19.9,82.0,279.0,10.0
1930294N08086,10.6188,79.3521,0.0,10.6,79.2,261.0,3.0
1930312N14091,19.1994,93.5473,0.0,19.4,93.8,50.0,8.0
1930320N12087,22.9867,88.8188,0.0,23.1,89.6,81.0,18.0
1930332N10084,11.8007,80.7009,0.0,12.0,80.4,304.0,9.0
1930354N10092,10.9199,87.1276,0.0,10.8,86.8,249.0,8.0
1931134N15088,17.8453,91.7381,0.0,18.0,92.1,65.0,9.0
1931218N19089,20.6833,88.0167,0.0,20.8,88.0,355.0,3.0
1931226N20089,20.3667,88.5167,0.0,20.4,88.5,0.0,1.0
1931231N21089,21.4521,87.0834,0.0,21.5,87.0,301.0,2.0
1931242N19088,19.8486,86.2866,0.0,19.9,86.0,280.0,6.0
1931265N18088,20.3888,79.5562,0.0,20.5,79.2,287.0,8.0
1931284N17088,18.8482,83.4251,0.0,18.9,83.3,297.0,3.0
1931298N18087,20.1335,88.5245,0.0,20.3,88.4,325.0,5.0
1931303N10084,15.2274,78.7304,0.0,15.3516,78.2274,282.0,10.0
1931343N05081,7.15477,78.8194,0.0,7.21503,78.2975,281.0,9.0
1931356N07083,10.1292,80.3615,0.0,10.2,80.3,318.0,2.0
1932144N17086,24.217,90.3007,0.0,24.5,90.5,34.0,8.0
1932159N20090,22.1886,89.0031,0.0,22.2,88.9,275.0,2.0
1932191N19087,23.1907,79.1367,0.0,23.3,79.0,310.0,4.0
1932201N20088,24.139,81.012,0.0,24.3,80.9,329.0,5.0
1932206N20088,21.6509,85.3519,0.0,21.9,85.1,318.0,8.0
1932246N19087,27.8219,79.973,0.0,27.9,79.9,321.0,2.0
1932262N19089,25.3002,78.1944,0.0,25.5,78.1,339.0,5.0
1932293N14096,23.0075,85.2289,0.0,23.1,85.4,58.0,4.0
1932304N11083,25.615,87.3995,0.0,25.7,87.6,66.0,5.0
1932316N10083,22.4855,89.4808,0.0,22.7,89.6,29.0,6.0
1932327N08089,11.5273,81.2462,0.0,12.2,80.9,333.0,18.0
1933142N12088,18.0354,91.3686,0.0,18.2,91.4,10.0,4.0
1933165N18086,21.5948,86.0052,0.0,21.7,85.9,314.0,4.0
1933196N23080,23.2592,78.9396,0.0,23.6926,78.0137,299.0,17.0
1933198N23085,24.2186,78.8616,0.0,24.3,78.8,325.0,3.0
1933205N21091,21.0975,87.5261,0.0,21.1,87.5,272.0,1.0
1933211N18088,19.1219,85.6584,0.0,19.2,85.6,323.0,2.0
1933214N19089,24.328,78.5741,0.0,24.678,78.1727,313.0,10.0
1933220N18091,21.0707,82.3117,0.0,21.1,81.9,275.0,9.0
1933233N25084,27.1038,78.5065,0.0,27.3032,78.1628,303.0,8.0
1933249N16087,20.1018,78.7479,0.0,20.3388,78.3288,299.0,9.0
1933255N20087,22.0885,78.3139,0.0,22.35,78.0426,314.0,7.0
1933260N17093,26.1919,78.298,0.0,26.3875,78.1016,318.0,5.0
1933286N11092,25.9526,82.7036,0.0,26.1,83.1,68.0,9.0
1933318N09092,13.4629,83.627,0.0,13.8,83.3,316.0,11.0
1933346N07086,11.2094,80.7116,0.0,11.3,80.6,312.0,3.0
1934023N08086,7.60032,82.85,0.0,7.6,82.6,270.0,6.0
1934109N15091,14.6,90.7,0.0,14.6,90.7,,
1934178N18088,20.1754,87.252,0.0,20.9,87.1,349.0,15.0
1934181N21089,23.7149,80.6701,0.0,23.9,80.6,341.0,5.0
1934212N16086,19.5244,82.8332,0.0,19.7,82.4,294.0,11.0
1934222N22087,23.4444,78.8648,0.0,23.5,78.7,293.0,4.0
1934227N18087,28.5068,79.2041,0.0,28.7,79.4,43.0,6.0
1934233N21088,26.1943,78.5375,0.0,26.3449,78.2001,300.0,7.0
1934249N17089,18.834,85.9343,0.0,19.0,85.7,307.0,7.0
1934260N20089,23.1439,79.2127,0.0,23.2,79.1,301.0,3.0
1934274N21093,23.823,90.8294,0.0,24.0,90.7,327.0,5.0
1934288N23086,24.4171,83.8677,0.0,24.6,83.7,319.0,6.0
1934309N10092,18.7336,91.1191,0.0,19.0,91.3,32.0,8.0
1934329N09088,10.301,84.0838,0.0,10.4,83.7,283.0,9.0
1935116N13094,14.1792,96.5677,0.0,14.2,96.6,51.0,1.0
1935176N19087,18.5,86.5,0.0,18.5,86.5,,
1935189N21089,24.8467,81.1292,0.0,24.9,81.1,336.0,2.0
1935195N15087,20.5865,87.7687,0.0,20.7,87.9,45.0,4.0
1935217N21089,21.4,89.4,0.0,21.4,89.4,,
1935224N24086,25.44,78.8812,0.0,25.5,78.6,283.0,7.0
1935250N20090,22.1927,80.5449,0.0,22.5,80.1,307.0,13.0
1935264N21088,21.3,87.8,0.0,21.3,87.8,,
1935290N10083,12.6993,79.3493,0.0,12.9002,78.4063,282.0,18.0
1935293N14093,18.6252,88.8612,0.0,19.0,89.1,30.0,10.0
1935306N14094,16.1,93.6167,0.0,16.3,93.6,0.0,5.0
1935315N09087,10.2999,78.6675,0.0,10.2873,78.2071,269.0,10.0
1935340N11094,13.0835,95.4829,0.0,13.3,95.6,30.0,6.0
1936113N10090,18.5097,93.4942,0.0,18.7,93.7,45.0,7.0
1936144N14084,23.4525,89.2083,0.0,23.7,89.4,36.0,7.0
1936163N20089,22.3697,80.1406,0.0,22.4,80.0,283.0,3.0
1936177N21088,20.7,87.5,0.0,20.7,87.5,,
1936184N20088,22.4673,86.5183,0.0,22.7,86.3,317.0,7.0
1936203N18087,26.6281,81.0469,0.0,26.8,81.0,349.0,5.0
1936230N19087,19.4167,87.0167,0.0,19.5,87.0,343.0,2.0
1936239N19089,19.7281,82.1293,0.0,19.9,82.0,324.0,5.0
1936249N19089,22.5863,78.9958,0.0,22.7523,78.4615,289.0,11.0
1936273N15086,24.4224,86.358,0.0,24.5,86.6,71.0,5.0
1936273N16095,15.7,95.4,0.0,15.7,95.4,,
1936299N10088,20.4167,78.5197,0.0,20.6,78.5,353.0,5.0
1936309N09088,13.192,80.0394,0.0,13.4,79.7,302.0,9.0
1936337N11091,13.1,91.3833,0.0,13.3,91.4,6.0,5.0
1936366N06079,5.8,78.7,0.0,5.8,78.7,,
1937105N10089,13.7721,80.5541,0.0,13.8,80.2,275.0,9.0
1937118N14097,20.1106,95.8481,0.0,20.7,96.2,30.0,15.0
1937171N21090,23.8415,79.8241,0.0,23.9,79.5,282.0,7.0
1937183N20088,20.1,88.3,0.0,20.1,88.3,,
1937192N20087,22.9223,79.7411,0.0,23.0,79.6,300.0,4.0
1937203N19089,23.712,79.9821,0.0,23.8,79.8,296.0,5.0
1937214N21089,23.6415,83.3486,0.0,23.7,83.1,284.0,6.0
1937237N25081,25.0502,79.2169,0.0,25.1,79.1,299.0,3.0
1937246N19087,21.0502,85.9339,0.0,21.2,85.8,319.0,5.0
1937248N21088,24.0725,78.4346,0.0,24.1503,78.1295,283.0,6.0
1937254N18090,26.4447,78.4917,0.0,26.8193,78.2057,324.0,9.0
1937269N17094,24.6918,86.2471,0.0,24.8,86.1,307.0,4.0
1937274N12080,11.9,80.4,0.0,11.9,80.4,,
1937276N14074,22.4986,81.5085,0.0,22.9,82.1,54.0,16.0
1937284N15096,24.1131,92.7545,0.0,24.3,93.1,59.0,9.0
1937319N11081,11.1,81.1,0.0,11.1,81.1,,
1937333N10084,18.1211,89.5067,0.0,18.7,89.6,8.0,14.0
1937360N11094,15.1292,96.0799,0.0,15.4,96.2,24.0,7.0
1938079N08085,8.36693,81.917,0.0,8.5,81.7,304.0,6.0
1938145N21089,24.1822,87.2157,0.0,24.3,87.1,318.0,4.0
1938191N24088,25.1563,85.3573,0.0,25.2,85.2,285.0,4.0
1938223N22091,23.0638,87.9445,0.0,23.1,87.7,279.0,6.0
1938269N14091,16.8515,78.3821,0.0,16.9462,78.0323,286.0,7.0
1938279N18090,23.3178,78.7839,0.0,23.6,78.6,329.0,8.0
1938310N08091,21.6905,91.2465,0.0,22.1,91.4,19.0,11.0
1938325N09089,17.5562,80.802,0.0,17.8,80.8,358.0,6.0
1939007N07088,10.7294,81.6968,0.0,10.7,81.5,261.0,4.0
1939102N07082,12.3834,79.3095,0.0,12.6,79.2,335.0,6.0
1939174N23087,24.7595,83.1441,0.0,24.9,83.0,317.0,5.0
1939189N19087,18.5,86.6,0.0,18.5,86.6,,
1939195N23088,23.9206,82.6641,0.0,24.0,82.4,288.0,6.0
1939201N21089,22.444,88.262,0.0,22.6,88.1,315.0,5.0
1939210N24091,23.9814,83.2053,0.0,24.0,83.0,277.0,5.0
1939228N21089,22.9898,80.589,0.0,23.1,80.4,303.0,5.0
1939234N19091,19.7505,88.4003,0.0,19.8,88.2,283.0,5.0
1939240N19092,25.8458,78.2282,0.0,26.1,78.3,13.0,6.0
1939249N22086,24.39,78.9212,0.0,24.5,78.8,315.0,4.0
1939255N24085,27.6959,78.5917,0.0,27.8,78.6,5.0,2.0
1939264N23091,26.2401,92.5464,0.0,26.4,93.0,69.0,11.0
1939273N18093,22.5528,89.0114,0.0,22.8,88.9,336.0,7.0
1939294N15081,15.3722,78.7573,0.0,15.4192,78.3213,276.0,8.0
1939319N10082,11.0177,78.9838,0.0,11.1,78.6,281.0,9.0
1939337N10095,18.8774,87.7664,0.0,19.0,88.0,60.0,6.0
1940139N12083,20.4814,89.7588,0.0,20.7,90.3,66.0,13.0
1940176N19088,21.1325,82.475,0.0,21.2,82.1,281.0,9.0
1940182N21089,23.1141,81.4688,0.0,23.1,81.2,268.0,6.0
1940190N22088,22.0194,83.4497,0.0,22.0,83.0,268.0,10.0
1940215N22089,25.0388,81.7814,0.0,25.1,81.7,312.0,2.0
1940226N20080,20.1,80.1,0.0,20.1,80.1,,
1940233N19087,23.8861,78.391,0.0,24.0326,78.0544,295.0,7.0
1940239N22090,25.3856,82.8106,0.0,25.5,82.7,321.0,4.0
1940259N17087,23.2414,80.4209,0.0,23.3,80.8,80.0,9.0
1940262N14096,19.1148,90.5152,0.0,19.3,90.3,310.0,7.0
1940294N18087,23.2045,90.0818,0.0,23.4,90.3,46.0,7.0
1940317N11079,10.7,79.0,0.0,10.6985,78.5633,270.0,9.0
1940320N13085,18.7188,88.7833,0.0,18.8,88.8,6.0,2.0
1940355N11092,17.5438,92.7799,0.0,17.8,92.8,0.0,6.0
1941142N13095,22.5511,90.6654,0.0,22.8,90.7,7.0,6.0
1941152N17084,17.4667,84.0666,0.0,17.5,84.1,44.0,1.0
1941155N20088,21.8842,91.6903,0.0,22.05,91.95,54.0,7.0
1941166N22090,24.775,90.3146,0.0,24.9,90.3,357.0,3.0
1941179N21090,24.2225,78.4901,0.0,24.3787,78.1287,295.0,7.0
1941187N22088,22.8047,78.772,0.0,22.857,78.2105,277.0,10.0
1941209N21092,22.9003,90.4342,0.0,23.1,90.3,328.0,6.0
1941220N21089,23.5139,78.3633,0.0,23.5059,78.0388,269.0,7.0
1941227N19092,24.086,78.3142,0.0,24.0554,78.1209,263.0,3.0
1941237N23089,25.7633,86.1146,0.0,25.9,86.0,320.0,4.0
1941243N25086,26.3989,81.8282,0.0,26.5,81.7,311.0,4.0
1941250N20089,24.2973,79.0775,0.0,24.5313,78.4575,290.0,11.0
1941255N15084,16.2001,82.9835,0.0,16.3,82.9,323.0,3.0
1941277N07088,24.1064,87.1228,0.0,24.2,87.3,60.0,5.0
1941319N14083,16.1847,84.6709,0.0,16.2,84.9,87.0,5.0
1941334N08087,11.4602,78.8299,0.0,11.3885,78.1026,262.0,16.0
1941343N09092,12.9399,78.8092,0.0,12.8712,78.0038,264.0,16.0
1942114N10080,9.8,79.8,0.0,9.8,79.8,,
1942154N16091,17.7334,89.8669,0.0,17.9,89.8,339.0,4.0
1942183N21090,23.8605,79.8083,0.0,23.9,79.7,290.0,3.0
1942189N21090,24.7544,79.0941,0.0,24.9,78.9,311.0,6.0
1942205N21089,24.4219,80.6753,0.0,24.6,80.3,297.0,9.0
1942213N22090,21.6907,79.2347,0.0,21.8932,78.5406,286.0,14.0
1942241N18090,24.2828,78.3861,0.0,24.3877,78.0525,285.0,6.0
1942252N21092,21.2683,80.2241,0.0,21.3,79.9,276.0,7.0
1942262N23089,25.7596,90.2456,0.0,25.8,90.4,75.0,4.0
1942269N17087,24.9491,84.961,0.0,25.2,85.1,26.0,7.0
1942287N17090,23.9627,88.2737,0.0,24.4,88.4,14.0,10.0
1942304N11085,20.0723,89.9988,0.0,20.3,90.7,71.0,16.0
1942317N14095,19.1879,86.4406,0.0,19.6,86.3,342.0,11.0
1943133N11082,13.375,78.375,0.0,13.5185,78.127,300.0,6.0
1943151N20089,25.0708,88.378,0.0,25.3,88.4,5.0,6.0
1943192N21087,23.9858,80.3368,0.0,24.1,80.3,348.0,3.0
1943198N21089,23.72,81.0573,0.0,23.7,80.8,264.0,6.0
1943205N20090,25.2009,78.6668,0.0,25.5468,78.1984,310.0,12.0
1943212N20090,23.0071,86.0676,0.0,23.1,86.0,322.0,3.0
1943216N22089,26.3333,81.3667,0.0,26.4,81.3,318.0,2.0
1943233N23085,24.3912,80.3251,0.0,24.4,80.1,272.0,5.0
1943265N19089,26.3818,89.8624,0.0,26.5,90.2,68.0,8.0
1943278N13084,14.0863,78.73,0.0,14.2209,78.1577,287.0,10.0
1943289N15081,22.7887,81.1031,0.0,23.0,81.7,69.0,14.0
1943302N14087,17.8406,84.5438,0.0,17.9,84.5,329.0,2.0
1943324N08086,10.5592,81.3154,0.0,10.6,80.8,275.0,12.0
1944060N04085,12.8218,78.7192,0.0,12.9222,78.3002,284.0,9.0
1944141N15092,16.8334,92.6498,0.0,17.0,92.7,15.0,4.0
1944167N22091,24.7505,92.6151,0.0,25.0,92.8,35.0,7.0
1944191N19087,24.0438,78.4855,0.0,24.1,78.4,310.0,2.0
1944201N22087,25.5211,82.5252,0.0,25.6,82.4,303.0,3.0
1944205N21091,23.3455,79.4199,0.0,23.4301,78.0694,274.0,24.0
1944210N20090,22.8253,79.2126,0.0,23.041,78.1525,284.0,18.0
1944224N25078,24.5,78.4,0.0,24.6617,78.1817,309.0,5.0
1944227N23084,20.9213,78.836,0.0,20.9026,78.2377,267.0,11.0
1944231N19089,22.9259,78.3067,0.0,23.0924,78.1057,309.0,5.0
1944237N21091,27.8875,79.2656,0.0,27.9,79.2,278.0,1.0
1944273N19089,23.2026,78.9203,0.0,23.3,78.6,288.0,8.0
1944277N21089,25.1136,81.4577,0.0,25.3,81.3,322.0,6.0
1944288N13085,16.2094,81.774,0.0,16.3,81.7,324.0,3.0
1944299N12084,13.8525,79.4437,0.0,13.9979,78.6783,279.0,14.0
1944311N13090,17.5888,92.4589,0.0,17.8,92.7,46.0,8.0
1944333N11086,11.618,82.2165,0.0,11.6,81.8,265.0,10.0
1944366N10087,14.6147,88.5811,0.0,14.7,88.7,57.0,3.0
1945120N12093,16.973,90.6171,0.0,17.2,91.0,55.0,9.0
1945177N23085,23.9887,78.5833,0.0,24.1233,78.1,286.0,9.0
1945188N20089,21.2836,86.9086,0.0,21.3,86.8,284.0,2.0
1945202N17088,20.2126,87.7003,0.0,20.6,87.6,345.0,8.0
1945243N16085,15.6875,83.5,0.0,15.7,83.4,286.0,2.0
1945249N18090,25.4865,78.2989,0.0,25.6424,78.0998,314.0,5.0
1945261N18089,21.4167,78.5857,0.0,21.5717,78.1,289.0,9.0
1945272N18089,22.6931,83.0961,0.0,23.2,82.8,331.0,12.0
1945288N07092,21.4768,81.7593,0.0,21.8,82.4,58.0,13.0
1945310N07086,8.70162,82.5148,0.0,8.7,82.3,270.0,5.0
1945332N05089,5.0,89.3,0.0,5.0,89.3,,
1945332N05090,5.15002,89.65,0.0,5.1,89.5,251.0,3.0
1945338N08087,9.41805,82.3204,0.0,9.5,82.1,287.0,5.0
1945346N09088,13.8969,84.6843,0.0,14.2,84.8,22.0,7.0
1946183N20091,22.0938,84.5916,0.0,22.3,84.1,295.0,11.0
1946195N23088,23.9878,86.0251,0.0,24.0,85.8,272.0,4.0
1946201N17087,21.8039,85.9196,0.0,21.9,85.8,309.0,3.0
1946213N20089,24.6546,78.9971,0.0,24.6905,78.3849,275.0,11.0
1946217N20090,24.235,78.4163,0.0,24.4883,78.1064,308.0,8.0
1946229N20091,21.1234,85.621,0.0,21.6,85.4,333.0,10.0
1946249N20090,20.9282,78.8099,0.0,20.9901,78.2924,276.0,9.0
1946253N23089,24.2104,78.3861,0.0,24.255,78.0399,278.0,6.0
1946257N20089,24.7002,85.2139,0.0,24.7,84.9,269.0,6.0
1946276N16092,23.8743,88.9108,0.0,24.0,89.0,25.0,3.0
1946289N12085,15.8126,83.7374,0.0,16.0,84.0,54.0,6.0
1946305N09088,10.606,79.0918,0.0,10.7409,78.4297,280.0,14.0
1946310N08089,14.4229,78.714,0.0,14.5102,78.0878,281.0,12.0
1946319N09086,21.4827,87.112,0.0,21.4,87.8,96.0,13.0
1946337N11081,11.2,81.3,0.0,11.2,81.3,,
1946337N11082,11.2,81.65,0.0,11.2,81.5,270.0,3.0
1946340N11086,19.0287,89.0106,0.0,19.6,89.8,52.0,19.0
1947056N06089,8.69926,82.4766,0.0,8.7,82.1,270.0,7.0
1947108N13096,14.7,95.3498,0.0,15.0,95.5,27.0,7.0
1947161N21090,21.15,90.0,0.0,21.2,90.0,0.0,1.0
1947161N21450,21.3,90.0,0.0,21.3,90.0,,
1947175N19090,23.7877,80.7916,0.0,24.0,80.6,322.0,6.0
1947191N19091,18.6278,85.1947,0.0,18.7,84.7,275.0,10.0
1947196N20090,22.7117,85.7165,0.0,23.0,85.6,337.0,6.0
1947223N16119,21.462,87.2314,0.0,21.7,86.8,300.0,9.0
1947233N17087,23.8168,78.3036,0.0,23.8949,78.0234,279.0,6.0
1947239N19089,21.9162,83.2806,0.0,22.1,82.9,296.0,8.0
1947245N22089,26.9095,78.8048,0.0,26.9,79.0,93.0,4.0
1947268N17088,19.3049,78.5101,0.0,19.383,78.0928,283.0,8.0
1947288N21090,20.9501,89.9499,0.0,21.1,90.1,43.0,4.0
1947288N21450,21.2,90.3,0.0,21.2,90.3,,
1947294N09092,16.0242,89.4218,0.0,16.7,89.4,358.0,13.0
1947302N14087,14.05,86.9,0.0,14.1,86.8,297.0,2.0
1947302N14447,14.2,86.7,0.0,14.2,86.7,,
1947305N12097,17.5879,83.5094,0.0,17.6,83.0,273.0,10.0
1947345N08092,15.1938,82.0861,0.0,15.4,81.9,320.0,5.0
1947354N09086,15.779,82.6189,0.0,16.0,82.5,331.0,5.0
1948014N11087,10.9003,84.3875,0.0,10.9,84.0,270.0,8.0
1948094N13093,14.9063,95.9156,0.0,15.0,96.0,36.0,2.0
1948137N15093,20.4861,92.1183,0.0,20.7,92.0,332.0,5.0
1948176N20089,24.0813,85.004,0.0,24.1,84.9,289.0,2.0
1948188N20088,22.1014,82.9553,0.0,22.4,82.3,297.0,13.0
1948209N20090,24.1829,81.5016,0.0,24.3,80.5,278.0,18.0
1948225N18087,22.8961,81.8823,0.0,23.1,81.6,310.0,6.0
1948236N21089,21.325,87.7001,0.0,21.4,87.6,304.0,2.0
1948263N17086,18.0855,79.1992,0.0,17.9961,78.2479,267.0,16.0
1948271N17088,18.3251,87.1127,0.0,18.5,87.0,323.0,4.0
1948275N11114,16.0156,99.1564,0.0,16.3,98.7,303.0,10.0
1948276N20090,23.1129,88.2886,0.0,23.5,88.0,326.0,9.0
1948280N16095,19.729,92.5334,0.0,20.0,92.7,28.0,6.0
1948303N09091,16.7816,79.6877,0.0,16.8,79.4,277.0,5.0
1949112N11089,15.5252,92.6365,0.0,16.2,92.8,15.0,14.0
1949141N11084,13.0752,81.6254,0.0,13.3,81.4,315.0,7.0
1949149N20091,20.1512,91.849,0.0,20.4,92.5,68.0,13.0
1949149N21093,20.7,93.1,0.0,20.7,93.1,,
1949159N20088,23.79,86.8283,0.0,24.1,87.1,36.0,8.0
1949194N19086,21.1143,85.1666,0.0,21.2,84.8,283.0,7.0
1949213N20088,23.9823,79.8719,0.0,24.2,79.1,288.0,15.0
1949250N18087,19.5001,85.8126,0.0,19.6,85.7,310.0,3.0
1949256N20088,24.2221,78.2793,0.0,24.3983,78.1258,317.0,4.0
1949262N16092,17.5028,78.3803,0.0,17.7141,78.0837,305.0,7.0
1949281N18089,18.9006,85.2003,0.0,19.0,84.8,285.0,8.0
1949294N10095,23.0942,81.3127,0.0,23.1,81.7,86.0,7.0
1950098N05083,14.3087,89.8194,0.0,14.5,90.2,61.0,8.0
1950143N08093,15.0953,85.0939,0.0,15.3,84.9,318.0,5.0
1950160N19091,23.8907,85.0266,0.0,24.0,85.0,338.0,3.0
1950174N20089,24.7203,84.8071,0.0,24.8,84.7,301.0,3.0
1950192N20088,21.7751,86.0254,0.0,22.0,85.9,332.0,5.0
1950192N25079,25.1935,78.671,0.0,25.2041,78.1044,270.0,9.0
1950206N21089,23.8495,78.5321,0.0,23.906,78.182,280.0,7.0
1950215N25087,24.5077,79.823,0.0,24.9,79.4,313.0,12.0
1950221N21089,25.9157,84.225,0.0,26.1,84.3,20.0,4.0
1950244N26079,25.6,78.2,0.0,25.5933,78.1,258.0,2.0
1950252N15085,17.211,82.4126,0.0,17.3,82.3,301.0,3.0
1950255N21090,22.4013,78.6846,0.0,22.429,78.3456,274.0,6.0
1950265N19088,19.6002,86.5002,0.0,19.7,86.3,298.0,4.0
1950290N12082,22.8227,90.1154,0.0,23.2,90.2,10.0,7.0
1950320N11084,23.1241,90.7582,0.0,23.7,90.7,357.0,11.0
1950336N07086,15.0025,91.3029,0.0,15.2,91.6,55.0,7.0
1951155N18088,18.1501,86.4253,0.0,18.4,86.3,331.0,5.0
1951177N20088,20.1001,87.7501,0.0,20.2,87.6,305.0,3.0
1951177N20448,20.3,87.5,0.0,20.3,87.5,,
1951202N12104,19.8391,85.3887,0.0,19.7,84.9,253.0,10.0
1951202N18086,18.35,85.8,0.0,18.4,85.7,298.0,2.0
1951202N18446,18.4,85.6,0.0,18.4,85.6,,
1951205N17089,23.102,78.8938,0.0,23.3947,78.013,289.0,18.0
1951211N20087,21.2126,86.4627,0.0,21.4,86.3,323.0,4.0
1951216N20087,20.3,87.4,0.0,20.3,87.4,,
1951216N20088,20.15,87.6,0.0,20.2,87.5,298.0,2.0
1951228N20090,22.626,86.9767,0.0,23.0,86.5,310.0,11.0
1951243N20089,20.8504,88.151,0.0,21.3,87.8,324.0,11.0
1951243N22087,21.8,87.4,0.0,21.8,87.4,,
1951246N14120,26.7335,78.4406,0.0,27.1,78.4,348.0,7.0
1951284N19087,18.75,87.1,0.0,18.8,87.0,298.0,2.0
1951284N19447,18.9,86.9,0.0,18.9,86.9,,
1951328N11085,16.1877,83.5135,0.0,16.8,83.3,341.0,13.0
1951340N08090,19.7836,89.9875,0.0,19.9,90.1,43.0,4.0
1952137N10093,13.1875,91.8002,0.0,13.5,91.7,344.0,7.0
1952141N12084,16.1125,81.6304,0.0,16.2,81.8,63.0,3.0
1952176N21090,24.3926,84.4334,0.0,24.7,84.4,348.0,6.0
1952186N21089,25.1,78.4666,0.0,25.1067,78.2227,271.0,4.0
1952202N21089,21.9733,85.0921,0.0,22.0,84.8,281.0,6.0
1952209N22087,24.2929,78.2055,0.0,24.3523,78.0841,300.0,3.0
1952213N21091,23.2504,79.3223,0.0,23.6116,78.6154,298.0,15.0
1952226N21089,22.126,85.0882,0.0,22.3,84.6,291.0,9.0
1952233N19089,21.1256,85.8884,0.0,21.4,85.5,308.0,9.0
1952280N14084,16.1125,84.4123,0.0,16.4,84.5,13.0,6.0
1952289N14085,15.1255,81.8881,0.0,15.4,81.5,307.0,9.0
1952289N15128,19.1291,93.9725,0.0,19.6,93.6,324.0,12.0
1952293N15093,20.3781,90.6852,0.0,20.5,90.6,334.0,3.0
1952297N15096,14.9,95.7,0.0,14.9,95.7,,
1952313N13089,22.8922,91.3804,0.0,23.1,91.4,8.0,4.0
1952331N07092,10.4956,80.9142,0.0,10.6,80.4,283.0,11.0
1952342N09081,9.7503,80.1506,0.0,10.2,79.7,315.0,13.0
1952342N11079,10.7,79.2,0.0,10.7,79.2,,
1953028N08097,15.2797,96.5202,0.0,15.7,96.7,20.0,10.0
1953120N13091,15.4256,93.2368,0.0,15.6,93.7,65.0,9.0
1953167N17087,19.6501,83.5909,0.0,20.1,83.3,324.0,10.0
1953213N20090,23.7235,79.4103,0.0,23.9,79.3,325.0,4.0
1953222N20090,20.2001,88.4125,0.0,20.2,88.3,270.0,2.0
1953235N22088,22.0,88.2,0.0,22.0,88.2,,
1953235N22089,21.95,88.4,0.0,22.0,88.3,299.0,2.0
1953266N16092,24.4416,82.5849,0.0,24.9,82.1,314.0,12.0
1953294N11084,14.013,80.6009,0.0,14.4,80.2,314.0,11.0
1953308N11092,17.8032,85.0064,0.0,18.0,84.9,333.0,4.0
1953327N10091,10.2119,80.3945,0.0,10.2,80.1,264.0,5.0
1954186N19088,19.4501,88.15,0.0,19.5,88.0,290.0,3.0
1954186N20088,19.6,87.9,0.0,19.6,87.9,,
1954211N18087,18.25,86.5,0.0,18.4,86.5,0.0,3.0
1954211N19087,18.5,86.5,0.0,18.5,86.5,,
1954219N18086,21.2773,86.9906,0.0,21.4,87.0,10.0,3.0
1954231N10159,25.0,99.6,0.0,25.0,99.6,303.0,18.0
1954245N18088,21.4999,78.4617,0.0,21.6906,78.029,295.0,9.0
1954264N20088,20.1,87.9,0.0,20.1,87.9,,
1954264N20089,19.9501,88.3001,0.0,20.0,88.1,285.0,4.0
1954266N22080,22.1359,79.2802,0.0,22.3,78.5,281.0,15.0
1954269N14088,18.5165,78.8428,0.0,18.8952,78.1169,297.0,16.0
1954293N09088,13.211,79.629,0.0,13.7,79.6,354.0,10.0
1954298N18085,20.6755,88.6245,0.0,20.8,89.0,69.0,7.0
1954344N10082,13.7141,82.4,0.0,13.9,82.4,3.0,3.0
1954350N05086,8.12503,84.1376,0.0,8.6,84.1,353.0,10.0
1955125N11084,16.3126,82.3947,0.0,16.6,82.2,326.0,7.0
1955137N10085,11.6878,80.1252,0.0,11.8,79.8,291.0,7.0
1955175N17087,18.7,86.2125,0.0,18.8,86.2,0.0,2.0
1955178N20089,21.2882,86.5505,0.0,21.4,86.1,288.0,9.0
1955237N18087,19.8944,83.2164,0.0,20.1,83.1,326.0,5.0
1955245N21090,24.3949,78.3,0.0,24.4807,78.099,294.0,4.0
1955264N19087,22.7196,78.9882,0.0,23.3,78.6,326.0,13.0
1955273N18090,23.4112,78.5993,0.0,23.5497,78.2362,292.0,7.0
1955279N13091,24.0065,78.2796,0.0,24.7159,78.1011,346.0,16.0
1955289N12085,14.5253,81.1005,0.0,14.8,80.8,313.0,8.0
1955295N16086,18.0875,87.3498,0.0,18.3,87.4,15.0,5.0
1955308N09092,17.3806,84.2171,0.0,17.6,84.4,36.0,6.0
1955333N09084,10.2986,79.2015,0.0,10.3,78.8,270.0,8.0
1956040N07092,13.0189,93.6155,0.0,13.3,94.1,58.0,11.0
1956118N08091,14.9628,79.9651,0.0,15.0835,78.8784,280.0,19.0
1956150N22090,24.004,89.4312,0.0,24.1,89.7,68.0,5.0
1956161N21088,21.3501,87.7501,0.0,21.4,87.6,290.0,3.0
1956161N22088,21.5,87.5,0.0,21.5,87.5,,
1956177N17086,20.1649,80.2769,0.0,20.4,79.5,290.0,15.0
1956183N19088,20.8142,83.5851,0.0,20.8,83.3,263.0,5.0
1956214N19088,23.6995,79.4945,0.0,23.9046,78.523,284.0,19.0
1956220N21088,25.486,79.7322,0.0,25.7,79.7,346.0,4.0
1956227N18088,24.7258,88.9853,0.0,24.9,88.9,338.0,4.0
1956253N21090,25.2837,84.3026,0.0,25.4,84.2,325.0,3.0
1956300N06091,15.371,80.1231,0.0,15.4,79.8,277.0,7.0
1956324N09085,10.813,80.2258,0.0,11.2,79.8,313.0,12.0
1957231N20091,21.4882,79.085,0.0,21.8899,78.076,292.0,21.0
1957253N15087,21.5298,78.4939,0.0,21.8,78.4,340.0,5.0
1957266N19090,21.2813,89.0124,0.0,21.5,89.1,16.0,5.0
1957359N07083,8.18752,82.0,0.0,8.3,81.9,323.0,3.0
1958127N13083,14.2001,83.8873,0.0,14.4,84.0,32.0,5.0
1958136N16088,24.0325,92.6032,0.0,24.5,92.9,32.0,11.0
1958190N20088,23.9194,79.5665,0.0,24.1,78.6,281.0,18.0
1958197N21088,22.2001,86.4252,0.0,22.3,86.3,309.0,3.0
1958241N19088,21.7967,78.635,0.0,22.2693,78.2829,321.0,11.0
1958251N20090,22.1774,79.1002,0.0,22.43,78.5276,295.0,12.0
1958256N21090,23.99,86.49,0.0,24.2,86.2,312.0,7.0
1958279N10086,14.5248,79.1816,0.0,14.6887,78.4023,285.0,15.0
1958290N13082,15.6055,82.3164,0.0,15.7,82.3,344.0,2.0
1958291N11103,14.7762,95.0342,0.0,15.2,94.6,314.0,12.0
1958295N19090,23.2228,91.6882,0.0,23.7,92.0,34.0,11.0
1958310N16085,17.8907,89.8046,0.0,18.0,90.0,60.0,4.0
1958322N08093,13.6131,78.6277,0.0,13.5919,78.3206,269.0,6.0
1959174N10085,14.4755,82.3012,0.0,14.9,81.9,318.0,12.0
1959179N18089,21.8494,79.7589,0.0,22.1981,78.8062,291.0,19.0
1959185N19089,21.3029,82.7539,0.0,21.9,81.9,307.0,19.0
1959191N21090,23.8999,78.6667,0.0,23.8996,78.327,270.0,6.0
1959198N16088,20.5078,87.5157,0.0,20.7,87.5,352.0,4.0
1959215N24089,24.503,79.6111,0.0,24.6,79.2,285.0,8.0
1959237N18086,21.1877,82.9857,0.0,21.5,82.6,314.0,10.0
1959253N21086,21.492,78.5788,0.0,21.9715,78.2287,323.0,11.0
1959270N17092,23.889,83.4913,0.0,24.1,83.0,297.0,10.0
1959300N09083,22.9956,92.0055,0.0,23.6,92.8,50.0,19.0
1959332N10081,9.90011,78.8568,0.0,9.9001,78.2877,270.0,11.0
1959339N09091,14.4911,82.7908,0.0,14.4,82.3,258.0,9.0
1960148N20089,24.5009,88.9246,0.0,24.8,89.1,26.0,6.0
1960182N20089,22.5309,82.578,0.0,22.9,82.0,305.0,13.0
1960222N21089,23.1889,84.0269,0.0,23.5,83.5,304.0,12.0
1960226N19090,25.4896,78.6918,0.0,25.6,78.2949,289.0,8.0
1960237N20090,27.1515,78.778,0.0,27.2924,78.1232,284.0,12.0
1960270N21087,25.1878,84.4369,0.0,25.4,84.7,43.0,6.0
1960273N13117,23.1801,91.6162,0.0,23.3,92.0,67.0,8.0
1960302N08090,19.0829,89.2171,0.0,19.4,89.6,45.0,10.0
1960315N10081,10.0,81.3,0.0,10.0,81.3,,
1960315N10082,10.0,81.65,0.0,10.0,81.5,270.0,3.0
1960324N11084,12.6876,81.9751,0.0,12.8,81.8,308.0,4.0
1960331N10088,12.7891,85.011,0.0,12.9,84.9,315.0,4.0
1960332N08105,8.72497,85.9529,0.0,8.96749,86.1016,348.0,5.0
1961009N10082,8.91473,78.895,0.0,8.77661,78.3334,258.0,12.0
1961048N05086,10.5986,86.2555,0.0,10.6,85.9,270.0,6.0
1961125N11096,23.0066,90.3885,0.0,23.5,90.8,36.0,12.0
1961147N15095,23.7287,93.0396,0.0,24.3,93.7,46.0,16.0
1961159N21090,25.5773,87.5281,0.0,25.6,87.8,83.0,5.0
1961178N17093,21.3955,88.6768,0.0,21.9,87.9,306.0,18.0
1961182N22088,21.8922,85.6156,0.0,21.9,85.4,277.0,4.0
1961248N22089,23.4001,78.5934,0.0,23.4935,78.2663,286.0,7.0
1961254N19094,24.4103,78.5,0.0,24.9,78.3,339.0,10.0
1961265N21090,22.0758,86.2132,0.0,22.2,85.8,288.0,8.0
1961270N20090,24.9986,86.8157,0.0,25.3,87.1,39.0,8.0
1961282N20079,26.1255,79.4062,0.0,26.5,79.9,51.0,12.0
1961291N12120,17.1492,92.1538,0.0,17.2,91.1,273.0,20.0
1961297N20092,22.911,90.801,0.0,23.2,90.7,341.0,6.0
1962134N10082,12.1898,78.6997,0.0,12.0023,78.3399,247.0,8.0
1962144N17092,20.4057,93.0238,0.0,20.7,93.3,40.0,7.0
1962157N19088,22.7953,88.6241,0.0,23.0,88.7,17.0,4.0
1962192N17087,21.7681,79.7061,0.0,22.1228,78.8796,296.0,17.0
1962251N17086,17.6259,79.6055,0.0,18.2497,78.7406,303.0,19.0
1962254N11123,20.5471,95.2501,0.0,20.6,94.3,285.0,23.0
1962259N17086,21.9934,78.8865,0.0,22.2098,78.3266,292.0,12.0
1962262N19092,26.3993,81.4823,0.0,26.6,81.3,323.0,5.0
1962292N11119,10.2995,95.6428,0.0,10.6,94.7667,292.0,19.0
1962295N08085,14.908,81.9285,0.0,15.0,81.0,277.0,17.0
1962298N08107,8.2509,98.9503,0.0,8.4,98.1,280.0,17.0
1962299N10094,23.6634,94.4739,0.0,23.9,94.9,58.0,10.0
1962327N05144,10.4,99.4,0.0,10.4,99.4,273.0,14.0
1962329N07104,7.65182,98.6251,0.0,7.7,97.9,274.0,14.0
1962330N08098,14.4125,79.9086,0.0,14.5,79.5,280.0,8.0
1962343N10090,11.4845,93.9851,0.0,11.5,94.3,85.0,6.0
1963003N05085,5.4,85.0,0.0,5.4,85.0,0.0,0.0
1963144N09090,23.4405,91.6821,0.0,24.2,91.7,2.0,15.0
1963157N20088,25.0718,90.0957,0.0,25.0,90.1,157.0,1.0
1963174N14096,19.4929,84.2354,0.0,19.5,83.8,272.0,9.0
1963185N22089,24.0025,82.1779,0.0,24.3,81.6,299.0,12.0
1963221N20089,25.6957,78.565,0.0,26.169,78.1995,324.0,12.0
1963251N16097,29.7881,78.1181,0.0,30.1,78.1,354.0,7.0
1963264N17120,25.8751,85.2721,0.0,26.1,85.1,333.0,6.0
1963274N15115,15.4516,95.8367,0.0,15.6,94.7,277.0,22.0
1963277N15096,23.6757,92.0101,0.0,23.8,92.3,65.0,6.0
1963291N09092,20.7987,92.5928,0.0,20.9,92.7,44.0,3.0
1963297N10092,15.8214,92.8056,0.0,16.3,93.2,38.0,12.0
1963334N05090,11.0234,82.4172,0.0,11.3,82.5,15.0,6.0
1964127N12086,21.321,93.7755,0.0,22.2,93.9,9.0,18.0
1964185N21090,25.8097,78.8931,0.0,26.0992,78.3788,301.0,12.0
1964218N19088,19.8251,85.8939,0.0,20.0,85.7,313.0,4.0
1964222N20090,23.7895,78.9071,0.0,24.0223,78.3222,291.0,12.0
1964228N21088,23.4757,84.6889,0.0,23.8,84.3,314.0,10.0
1964236N22088,24.8073,78.9891,0.0,24.9,78.6,285.0,7.0
1964240N15111,15.5752,96.7018,0.0,15.4,95.4,262.0,26.0
1964256N17141,17.1742,98.0267,0.0,17.2,97.7,275.0,6.0
1964267N21089,26.2139,78.8155,0.0,26.9613,78.2077,321.0,19.0
1964269N12142,21.4406,93.4608,0.0,22.0,92.6,305.0,20.0
1964271N17086,16.8459,78.9602,0.0,16.7898,78.3897,263.0,11.0
1964278N21091,24.574,87.5982,0.0,24.5,87.2,262.0,7.0
1964286N10112,15.132,87.928,0.0,15.6,87.1,301.0,19.0
1964291N11143,17.8153,90.2522,0.0,18.5,89.5,313.0,20.0
1964291N16091,23.1875,84.1344,0.0,23.3,84.4,62.0,5.0
1964308N08096,12.5047,80.1375,0.0,12.5,80.1,251.0,1.0
1964316N13117,10.0058,92.1278,0.0,10.0,91.6,269.0,10.0
1964321N14086,13.5013,95.8016,0.0,13.5,96.4,90.0,12.0
1964352N05093,9.90757,78.6904,0.0,10.1697,78.0053,292.0,14.0
1965129N14085,23.5018,90.8061,0.0,24.1,91.3,37.0,15.0
1965146N15089,23.3187,90.4145,0.0,23.9,90.5,7.0,12.0
1965187N08144,25.4576,98.9785,0.0,26.5,98.5,326.0,24.0
1965194N19087,19.8816,79.4455,0.0,20.5835,78.2331,298.0,23.0
1965207N21090,23.0837,85.8893,0.0,23.3,85.7,325.0,6.0
1965212N26077,27.0011,78.7238,0.0,27.2,79.2,64.0,9.0
1965226N17116,18.9687,91.8113,0.0,18.9,90.8,266.0,19.0
1965235N20087,24.095,82.1655,0.0,24.4,81.7,306.0,11.0
1965238N14114,19.2458,90.3038,0.0,19.7,90.1,336.0,10.0
1965239N17111,17.2063,99.2688,0.0,17.5,98.6,294.0,14.0
1965243N19091,24.5897,78.4075,0.0,24.6425,78.0446,282.0,7.0
1965258N12107,11.8,99.9,0.0,11.8,99.9,267.0,13.0
1965262N15084,24.3673,85.0904,0.0,24.5,85.3,53.0,5.0
1965280N18091,21.9395,92.225,0.0,22.6,92.6,28.0,14.0
1965294N13083,20.0224,93.0011,0.0,20.5,93.5,45.0,13.0
1965302N10102,12.9177,96.113,0.0,13.1,95.7,294.0,9.0
1965310N12086,10.2556,79.8776,0.0,9.7,79.6,205.0,12.0
1965340N05092,21.6981,91.7985,0.0,22.1,92.3,48.0,13.0
1965352N09111,7.96926,91.6017,0.0,8.0,91.4,279.0,4.0
1965364N08088,21.1752,85.6035,0.0,21.5,85.9,39.0,9.0
1966118N08088,12.0316,78.8265,0.0,12.0938,78.2947,275.0,11.0
1966137N14096,16.4132,93.4766,0.0,16.9,93.0,318.0,13.0
1966153N15088,18.0879,83.8634,0.0,18.4,83.6,318.0,8.0
1966167N21090,24.4285,91.9186,0.0,24.8,92.3,44.0,10.0
1966179N21088,24.0751,87.9629,0.0,24.3,87.8,331.0,5.0
1966198N20088,20.3003,86.2752,0.0,20.4,86.0,296.0,6.0
1966209N21088,24.3009,80.0386,0.0,24.4,80.0,320.0,3.0
1966245N20088,21.9817,78.5258,0.0,22.0969,78.2247,292.0,6.0
1966270N09090,24.4599,92.6002,0.0,24.8,93.3,60.0,15.0
1966284N12086,15.2392,83.4076,0.0,15.8,83.2,339.0,11.0
1966305N09096,11.7998,78.5458,0.0,11.5984,78.1888,239.0,8.0
1966312N08084,9.71477,78.8967,0.0,9.81398,78.4214,283.0,10.0
1966322N09087,18.8993,84.2016,0.0,19.0,84.0,300.0,4.0
1966329N10096,13.0496,78.9299,0.0,13.0165,78.2815,267.0,13.0
1966341N08088,22.214,91.9062,0.0,22.5,92.4,59.0,10.0
1966350N08090,10.5797,83.3834,0.0,10.5,82.7,265.0,13.0
1966364N08088,21.0167,85.7209,0.0,21.5,86.1,36.0,12.0
1967001N06083,16.3867,84.6063,0.0,16.7,84.6,358.0,7.0
1967135N11092,21.8079,94.3221,0.0,22.4,94.5,15.0,12.0
1967180N20088,20.0,87.4751,0.0,20.1,87.4,329.0,2.0
1967207N20088,21.8136,78.9119,0.0,21.988,78.2523,282.0,14.0
1967212N19090,20.6058,83.8582,0.0,20.7,83.2,278.0,12.0
1967230N21090,21.3251,88.6251,0.0,21.4,88.5,298.0,3.0
1967245N21090,25.392,78.7863,0.0,25.4534,78.1698,277.0,11.0
1967263N25086,26.35,85.5,0.0,26.7,85.5,0.0,7.0
1967270N20089,23.8253,91.422,0.0,24.1,91.8,54.0,8.0
1967281N18089,22.5182,90.8175,0.0,22.8,91.2,51.0,9.0
1967293N07079,7.99938,80.1225,0.0,8.2,80.5,60.0,8.0
1967293N09090,20.6195,91.9806,0.0,21.3,92.2,20.0,14.0
1967304N10085,11.8696,79.3247,0.0,11.7,79.0,246.0,8.0
1967331N06085,5.90325,78.4931,0.0,5.99499,78.2233,285.0,6.0
1967338N05088,11.3492,78.7116,0.0,11.2818,78.174,265.0,10.0
1968128N14096,21.0874,94.3046,0.0,21.3,94.5,41.0,6.0
1968164N21090,24.0906,89.5,0.0,24.2,89.5,6.0,2.0
1968191N23088,24.9212,90.6093,0.0,25.0,90.8,66.0,3.0
1968208N18089,23.595,78.6,0.0,23.6915,78.2146,284.0,7.0
1968216N22090,22.5997,79.1249,0.0,22.5108,78.3639,262.0,13.0
1968224N22091,23.4989,82.1151,0.0,23.6,81.8,289.0,6.0
1968235N19090,23.6227,87.5986,0.0,24.0,87.5,346.0,8.0
1968254N19091,19.8329,84.2968,0.0,20.0,84.2,327.0,3.0
1968273N14089,25.396,84.6144,0.0,25.6,84.7,20.0,5.0
1968295N11089,19.5078,85.6101,0.0,19.6,85.7,37.0,2.0
1968307N11087,13.7845,80.9064,0.0,14.0,80.5,299.0,9.0
1968314N08089,21.8992,88.7186,0.0,22.1,88.9,38.0,5.0
1968347N05091,9.60559,79.906,0.0,9.3,79.6,224.0,9.0
1969134N15087,17.5039,80.9024,0.0,17.9,80.9,359.0,8.0
1969167N15088,22.6182,91.7214,0.0,23.0,92.0,34.0,9.0
1969209N19090,24.23,81.5119,0.0,24.6,81.2,319.0,9.0
1969220N21090,22.4377,88.9881,0.0,22.8,88.8,333.0,8.0
1969225N21090,25.3633,78.8677,0.0,25.3931,78.3223,276.0,10.0
1969241N10127,16.8927,99.135,0.0,16.9,98.7,270.0,9.0
1969249N17087,22.51,78.5049,0.0,22.7013,78.1035,299.0,8.0
1969261N17088,23.5952,79.4217,0.0,24.0,79.4,354.0,8.0
1969266N21093,24.9837,87.8751,0.0,25.1,87.6,298.0,5.0
1969282N18087,22.4106,89.8923,0.0,22.7,90.3,54.0,9.0
1969294N11083,13.1103,79.483,0.0,13.3,79.2,303.0,6.0
1969308N12095,17.3099,78.815,0.0,17.3803,78.2807,281.0,10.0
1969345N11081,15.3922,81.2937,0.0,15.6,81.4,24.0,5.0
1969355N04091,5.51339,81.3773,0.0,5.5,81.0,265.0,7.0
1970122N10089,20.4813,91.6186,0.0,20.7,91.7,16.0,5.0
1970143N19091,20.3254,91.9493,0.0,20.6,92.3,49.0,8.0
1970158N21090,21.7022,80.9733,0.0,21.6,80.4,259.0,11.0
1970180N20088,25.0742,80.3937,0.0,25.2,80.2,310.0,5.0
1970187N18091,22.0872,85.9018,0.0,22.3,85.3,293.0,12.0
1970229N18086,20.596,79.0973,0.0,20.8,78.7,299.0,8.0
1970245N22087,22.9527,78.8906,0.0,22.9098,78.3046,265.0,10.0
1970251N20091,26.6094,84.6226,0.0,26.7,84.8,64.0,3.0
1970264N17085,20.2672,79.0019,0.0,20.3253,78.2752,277.0,14.0
1970291N14085,24.385,90.9251,0.0,24.4,91.1,80.0,3.0
1970312N12086,22.7975,91.4088,0.0,23.0,92.0,67.0,12.0
1970323N09085,10.3022,78.8218,0.0,10.3,78.7,268.0,3.0
1970324N05143,9.60498,99.4675,0.0,9.9,99.2,307.0,8.0
1971124N10093,20.9718,91.5294,0.0,20.9,91.9,94.0,7.0
1971154N20088,24.682,84.3109,0.0,24.7,84.3,330.0,1.0
1971171N20089,23.0982,79.5912,0.0,23.4,79.2,308.0,10.0
1971189N12130,21.3074,96.8377,0.0,21.6,96.3,298.0,13.0
1971196N20089,25.1992,79.5344,0.0,25.2,79.6,89.0,1.0
1971207N22089,24.3659,78.83,0.0,24.4094,78.3505,275.0,11.0
1971220N21088,23.4141,84.9022,0.0,23.8,84.7,333.0,8.0
1971242N23082,26.9165,79.1889,0.0,27.3,79.0,337.0,8.0
1971267N12130,18.0,99.0,0.0,18.0,99.0,270.0,22.0
1971267N15084,16.1259,81.3505,0.0,16.3,80.8,288.0,11.0
1971271N19089,24.3689,87.1486,0.0,24.4,87.0,285.0,3.0
1971287N16089,25.6875,80.101,0.0,26.2,80.1,0.0,11.0
1971300N12091,22.7976,90.0255,0.0,23.0,90.6,70.0,11.0
1971308N11092,24.6103,93.7245,0.0,25.4,94.5,41.0,21.0
1972098N09091,16.9113,91.7113,0.0,17.1,92.1,63.0,8.0
1972187N22088,22.3101,82.7118,0.0,22.5,82.1,289.0,11.0
1972195N21091,22.1163,86.3468,0.0,22.3,86.4,9.0,4.0
1972218N22089,26.5656,78.1255,0.0,26.6125,78.0021,295.0,3.0
1972225N22090,23.2821,78.106,0.0,23.235,78.0476,237.0,2.0
1972241N24086,24.9069,78.3905,0.0,25.0,78.3,320.0,2.0
1972244N12123,14.3613,99.2674,0.0,14.2,99.0,241.0,6.0
1972251N15097,27.9258,78.5022,0.0,28.3,78.5,1.0,7.0
1972264N17092,25.3903,84.298,0.0,25.8,84.7,42.0,11.0
1972277N12087,15.8328,79.5917,0.0,16.2,79.4,331.0,8.0
1972320N10091,14.023,79.3776,0.0,14.2,78.9,290.0,10.0
1972331N14091,19.1681,92.4053,0.0,19.3,92.6,50.0,5.0
1972335N08116,13.0414,94.9884,0.0,13.6,94.9,351.0,11.0
1972336N10089,11.8605,78.6824,0.0,11.814,78.1942,265.0,10.0
1972355N08084,8.10014,82.6877,0.0,8.3,82.4,306.0,7.0
1973187N19087,22.8053,79.8851,0.0,22.9,79.9,353.0,2.0
1973193N20089,22.9956,81.235,0.0,23.3,80.8,306.0,10.0
1973200N21088,25.0995,78.6473,0.0,25.2,78.5,307.0,4.0
1973238N21088,24.1091,78.3809,0.0,24.2543,78.0893,298.0,6.0
1973245N22088,23.6574,80.6488,0.0,23.5,80.2,250.0,9.0
1973280N12090,24.6915,85.2946,0.0,25.4,85.1,345.0,15.0
1973308N07091,20.3117,86.5974,0.0,20.5,86.3,305.0,7.0
1973317N08122,11.835,99.325,0.0,12.3,99.2,327.0,16.0
1973319N13090,22.4976,90.8987,0.0,23.0,91.2,29.0,12.0
1973339N07088,22.4503,90.0844,0.0,23.3,90.9,41.0,22.0
1973348N07088,9.24917,79.6038,0.0,9.3,79.3,280.0,6.0
1973360N04090,6.95203,83.2966,0.0,7.1,83.0,296.0,7.0
1974150N22089,23.837,90.4396,0.0,24.2,90.8,41.0,9.0
1974167N18086,23.3588,82.443,0.0,23.5,82.3,318.0,4.0
1974220N19087,21.1945,86.7537,0.0,21.5,86.6,336.0,7.0
1974225N22089,23.8,78.3,0.0,23.8994,78.1279,299.0,4.0
1974269N16092,24.4525,86.6491,0.0,24.8,86.9,33.0,8.0
1974280N17085,17.8518,82.5036,0.0,17.9,82.2,280.0,6.0
1974287N17086,17.6113,81.5499,0.0,18.0,80.9,301.0,14.0
1974327N11088,22.7908,90.8459,0.0,23.4,91.2,28.0,14.0
1975007N08092,15.6547,94.7972,0.0,16.0,95.0,29.0,8.0
1975125N13096,18.6493,97.4414,0.0,19.0,98.2,64.0,16.0
1975155N16087,23.1471,91.9014,0.0,23.6,91.9,1.0,9.0
1975169N19087,21.7581,85.401,0.0,21.9,85.2,309.0,5.0
1975177N19087,23.1516,83.7972,0.0,23.4,83.6,323.0,6.0
1975199N24086,26.69,78.2249,0.0,26.7424,78.0776,291.0,3.0
1975217N19088,23.0589,83.4144,0.0,23.3,82.5,287.0,17.0
1975229N20089,27.144,82.2474,0.0,27.3,82.4,41.0,4.0
1975252N19086,23.3291,78.4738,0.0,23.6,78.2,315.0,7.0
1975258N12132,20.1284,98.8596,0.0,20.0,98.0,273.0,26.0
1975267N23088,26.2059,82.0906,0.0,26.3,82.0,316.0,3.0
1975290N15083,15.8516,79.9482,0.0,16.0,79.7,301.0,6.0
1975299N11085,13.1568,80.891,0.0,13.4,80.4,298.0,11.0
1975305N15085,14.8001,80.9035,0.0,14.7,80.7,244.0,4.0
1975311N11089,22.6994,91.6997,0.0,23.1,92.1,42.0,11.0
1975328N09085,14.9458,85.9542,0.0,15.2,85.7,315.0,7.0
1976120N12093,19.5034,95.199,0.0,19.6,95.4,59.0,4.0
1976210N23089,25.5863,79.5461,0.0,25.5892,78.6108,273.0,17.0
1976214N19088,24.5599,79.4883,0.0,24.7,79.5,356.0,3.0
1976225N20089,25.8228,79.7091,0.0,26.3919,78.6448,301.0,22.0
1976240N21083,22.5174,78.6276,0.0,22.7,78.2,294.0,9.0
1976252N17093,23.6505,86.5467,0.0,23.6,86.7,109.0,3.0
1976289N09086,23.6962,93.3486,0.0,24.0,93.7,47.0,9.0
1976308N13088,17.2006,78.677,0.0,17.5,78.3141,313.0,9.0
1976320N11087,15.0,79.0,0.0,15.059,78.4974,278.0,10.0
1976328N08090,19.8007,92.0872,0.0,19.9,92.8,81.0,13.0
1976363N08089,13.1958,91.5516,0.0,13.3,91.6,25.0,2.0
1977129N08084,23.433,90.6049,0.0,24.0,90.6,0.0,11.0
1977194N06142,21.7761,98.8512,0.0,22.05,97.95,286.0,20.0
1977243N13131,16.9429,99.9586,0.0,16.9429,99.9586,334.0,6.0
1977300N13092,15.1,79.1,0.0,15.1499,78.3837,276.0,13.0
1977313N09092,10.6209,79.0965,0.0,10.6407,78.5116,269.0,11.0
1977318N06093,18.2045,80.247,0.0,18.4,80.3,12.0,4.0
1978134N11091,19.593,92.9392,0.0,20.1,93.3,32.0,12.0
1978217N16129,18.6898,98.9946,0.0,19.0,99.0,342.0,6.0
1978262N14135,15.0177,99.4998,0.0,15.0,99.0,270.0,10.0
1978298N13090,19.6076,88.491,0.0,19.6,89.0,88.0,9.0
1978307N10082,12.1151,78.9864,0.0,12.1,78.3,269.0,13.0
1978323N08092,9.24568,79.1368,0.0,9.5,78.5,293.0,13.0
1979126N07090,16.8426,79.6017,0.0,17.2,79.6,0.0,7.0
1979205N10148,23.8,78.8,0.0,23.9079,78.3378,286.0,9.0
1979264N10087,15.5601,82.3972,0.0,15.6,82.0,279.0,8.0
1979300N06095,12.4462,80.0919,0.0,12.5,79.9,281.0,4.0
1979327N08088,13.8506,80.2137,0.0,14.2,79.5,298.0,15.0
1980284N09092,8.0,79.3,0.0,7.90028,78.4075,262.0,16.0
1980290N10088,16.6467,81.2709,0.0,16.8,81.2333,347.0,3.0
1980338N09085,15.838,86.3847,0.0,16.0,86.6,54.0,5.0
1980345N09092,7.95391,79.2105,0.0,7.84259,78.3669,262.0,16.0
1981283N07132,16.5002,99.5005,0.0,17.0,99.0,316.0,14.0
1981298N07083,10.0821,78.1888,0.0,10.163,78.0685,304.0,8.0
1981321N13092,21.4939,91.9855,0.0,21.6,92.0,13.0,4.0
1981339N11089,22.7781,89.1424,0.0,23.2,89.7,47.0,19.0
1982120N11083,18.1259,97.3806,0.0,18.2,97.4,17.0,2.0
1982150N13087,22.9213,84.8342,0.0,23.3,84.7,339.0,12.0
1982287N13091,17.0724,80.997,0.0,17.2,80.8,305.0,7.0
1982290N10084,14.9048,79.384,0.0,15.1,79.2,319.0,8.0
1983274N18089,18.2635,82.8298,0.0,18.5,82.3,293.0,11.0
1983276N06130,16.5,99.0,0.0,16.5,99.0,286.0,22.0
1983282N09155,20.38,92.6427,0.0,20.9,92.5,341.0,10.0
1983309N10091,22.2084,92.2857,0.0,22.5,92.6,43.0,10.0
1984169N20137,21.0127,99.1996,0.0,21.0,98.5,270.0,14.0
1984285N17089,21.8916,86.2706,0.0,22.2,85.9,312.0,9.0
1984314N09088,14.0975,80.0875,0.0,14.1,80.1,0.0,0.0
1984332N08086,11.7,79.4,0.0,11.8808,78.6275,290.0,15.0
1985143N16088,23.1761,91.3923,0.0,23.9,91.6,15.0,15.0
1985281N02144,18.0671,99.1144,0.0,18.0,98.0,270.0,19.0
1985282N12090,18.235,83.0593,0.0,18.4,82.8,310.0,6.0
1985284N05159,19.0,99.0,0.0,19.0,99.0,270.0,33.0
1985288N19089,21.8568,85.8463,0.0,22.4,85.5,329.0,12.0
1985317N12082,16.5487,80.1342,0.0,16.9,80.4,33.0,9.0
1985343N04090,15.1413,79.3499,0.0,15.5,79.0,316.0,10.0
1986006N03087,11.0875,82.8298,0.0,11.5,83.0,21.0,8.0
1986228N19120,18.9203,99.4756,0.0,19.0,99.0,270.0,9.0
1986308N11090,21.4674,88.4513,0.0,21.8,89.0,55.0,12.0
1986313N22089,23.6508,90.5975,0.0,24.3,91.1,35.0,16.0
1987030N06091,20.1503,92.1919,0.0,20.7,92.8,46.0,16.0
1987150N13095,24.1093,91.0298,0.0,24.5,91.2,19.0,8.0
1987219N08134,18.7182,99.7744,0.0,18.8,99.3,260.0,8.0
1987219N08155,21.7756,97.4309,0.0,22.2,96.9,310.0,13.0
1987287N12089,17.5347,78.9543,0.0,17.8,78.4,298.0,12.0
1987303N06088,15.0335,79.5769,0.0,15.3,79.1,300.0,10.0
1987312N09095,17.3783,78.9799,0.0,17.7,78.7,320.0,9.0
1987336N10085,9.7,78.5,0.0,9.54054,78.253,235.0,6.0
1987351N09086,10.4114,79.5903,0.0,10.5,79.2,284.0,8.0
1988291N15095,22.8175,89.714,0.0,23.4,89.6,347.0,12.0
1988319N08090,20.3275,93.8189,0.0,21.0,94.7,51.0,21.0
1988327N06100,23.269,89.8933,0.0,23.7,90.2,33.0,10.0
1988341N08090,12.3871,92.3544,0.0,12.7,92.2,334.0,7.0
1989143N17090,23.3342,86.843,0.0,23.9,86.5,333.0,12.0
1989305N07105,15.0455,79.1273,0.0,15.1466,78.453,280.0,13.0
1990108N09087,14.1521,88.048,0.0,14.4,88.2,39.0,8.0
1990124N09088,20.9275,79.9348,0.0,21.4,80.1,16.0,10.0
1990164N21089,22.0011,83.3,0.0,22.0,82.5,270.0,14.0
1990226N19088,22.0,79.0,27.0,22.2132,78.1385,278.0,15.0
1990232N22089,22.0,79.0,27.0,22.2506,78.1379,289.0,17.0
1990246N23089,23.2626,82.4876,0.0,23.5,82.0,299.0,10.0
1990272N11121,15.2,99.9,0.0,15.2,99.9,282.0,5.0
1990280N18091,22.9502,87.6992,0.0,23.5,88.0,25.0,11.0
1990304N08092,19.3877,84.3133,0.0,20.0,84.0,335.0,11.0
1990304N11088,14.0,86.5,27.0,15.038,86.0773,351.0,14.0
1990318N14082,14.5,80.0,27.0,14.5654,78.9496,283.0,14.0
1990348N04087,21.4702,93.0525,0.0,21.6,93.5,70.0,9.0
1991015N02087,4.81496,78.75,0.0,4.7,78.2,260.0,11.0
1991113N10091,25.3579,98.3082,0.0,25.7,99.7,74.0,25.0
1991150N14091,26.1813,95.4304,0.0,26.7,96.4,60.0,20.0
1991208N20090,22.7,79.0,30.0,22.7901,78.4622,281.0,10.0
1991234N20089,28.63,78.1774,0.0,28.7,78.2,8.0,2.0
1991264N15084,18.7375,79.9499,0.0,19.0,80.0,2.0,5.0
1991285N15090,22.25,90.0326,0.0,22.5,90.0,2.0,5.0
1991301N10083,13.0,78.5,25.0,13.0375,78.2499,300.0,6.0
1991313N10095,12.0429,78.5429,25.0,12.0833,78.2191,285.0,6.0
1992136N10090,23.0483,98.8504,0.0,23.9,99.7,43.0,23.0
1992167N12088,21.1336,83.7734,0.0,21.4,82.8,286.0,18.0
1992188N07156,21.5,99.5,0.0,21.5,99.5,287.0,21.0
1992198N13135,22.0,99.5,0.0,22.0,99.5,272.0,12.0
1992207N18090,22.3377,82.2455,0.0,22.8,81.9,324.0,11.0
1992265N18099,21.7,87.8875,0.0,21.7,87.7,270.0,4.0
1992279N10097,17.788,79.8285,0.0,18.4,79.2,316.0,17.0
1992288N10089,22.3233,94.4393,0.0,22.5,94.5,27.0,6.0
1992306N12093,12.975,81.88,0.0,12.8,81.7,224.0,6.0
1992311N06107,7.55494,78.5574,0.0,7.9,78.3,320.0,8.0
1992314N08141,20.0526,94.1951,0.0,19.9,94.5,133.0,7.0
1992335N03077,4.7225,78.38,0.0,4.9,78.1,309.0,6.0
1993312N06079,8.5,78.5,25.0,9.0,78.5,0.0,10.0
1993331N07108,11.8857,78.5,30.0,12.1443,78.0671,303.0,9.0
1993336N05164,7.9926,99.2901,0.0,8.2,98.8,302.0,14.0
1993353N09084,11.0,80.5,25.0,11.0,80.0,270.0,5.0
1994078N06096,9.60769,87.9847,0.0,9.2,87.5,228.0,12.0
1994117N07096,23.2579,95.0421,0.0,23.5,95.6,64.0,11.0
1994206N22107,18.9999,98.66,0.0,19.0,98.4,270.0,6.0
1994302N11086,14.2343,78.6408,0.0,14.55,78.5,330.0,7.0
1995126N11081,12.348,78.9998,0.0,12.5,78.5,297.0,11.0
1995128N15082,19.0,82.5,0.0,19.0,83.5,62.0,11.0
1995135N20087,26.0499,93.0501,0.0,26.0,93.0,0.0,0.0
1995233N16115,18.2073,97.8924,0.0,18.2,96.7,270.0,21.0
1995255N14104,27.5,78.9,0.0,27.6478,78.4578,291.0,8.0
1995269N21088,24.0,87.0,0.0,24.0,87.0,0.0,0.0
1995292N08150,13.9406,98.6903,0.0,14.1,97.8,280.0,18.0
1995310N09096,26.2577,87.2047,0.0,26.5,87.6,55.0,9.0
1995323N05097,23.0333,94.524,0.0,23.6,95.5,57.0,22.0
1996122N08092,23.3581,95.5018,0.0,23.7,96.2,61.0,15.0
1996163N08088,21.7175,80.6899,0.0,22.1,80.7,1.0,8.0
1996167N16072,29.6502,78.8924,0.0,29.7,79.2,79.0,5.0
1996208N24084,24.5017,78.8206,0.0,24.5017,78.1163,270.0,13.0
1996275N15082,15.5,79.0,0.0,16.0,78.5,297.0,11.0
1996288N09092,13.0,78.4425,0.0,13.0,78.1,270.0,7.0
1996296N09093,24.6475,89.9092,0.0,25.6,90.2,13.0,20.0
1996299N11121,15.1651,97.5574,0.0,15.7,97.9,32.0,13.0
1996306N15097,17.6,78.8,0.0,17.6881,78.2903,279.0,9.0
1996312N14125,10.5501,99.6051,0.0,10.7,99.2,291.0,8.0
1996332N09092,12.2,78.8,0.0,12.1425,78.1651,261.0,12.0
1997133N03092,26.6816,96.0985,0.0,27.8,97.5,47.0,34.0
1997177N21090,25.7332,85.3016,0.0,26.0,85.0,318.0,7.0
1997210N21089,25.9751,78.3752,0.0,26.03,78.2746,257.0,1.0
1997216N20091,25.5,78.5,0.0,25.0,78.5,290.0,29.0
1997232N20088,22.8009,78.8012,0.0,23.0,78.5,317.0,7.0
1997240N20087,24.0,83.5,0.0,24.0,83.5,90.0,5.0
1997263N14084,25.3903,93.909,0.0,26.0,94.4,35.0,17.0
1997298N06140,15.4333,90.26,30.0,15.5,90.5,69.0,3.0
1997307N08082,10.3075,78.5875,0.0,10.3,78.1,270.0,9.0
1998133N04086,24.1476,93.3606,0.0,24.3,93.8,58.0,11.0
1998165N18088,19.5,80.5,0.0,20.0,80.0,318.0,14.0
1998287N16083,17.5127,81.3132,0.0,18.0,81.0,335.0,11.0
1998299N11090,13.8,83.0,30.0,14.0,82.5,316.0,7.0
1998317N11087,20.5,82.0,0.0,21.0,83.0,64.0,10.0
1998320N10102,22.8822,90.7296,0.0,23.0,90.5,354.0,3.0
1998343N08114,7.885,99.825,0.0,8.0,99.8,333.0,2.0
1999031N08092,11.9125,83.99,0.0,12.0,84.0,8.0,2.0
1999159N18091,24.5925,84.5902,0.0,25.0,84.4,335.0,9.0
1999168N19086,21.0,81.0,0.0,21.0,79.0,280.0,28.0
1999208N21089,24.5,81.0,0.0,25.0,80.0,299.0,21.0
1999219N21089,22.9019,82.4277,0.0,23.5,81.5,306.0,17.0
1999288N15093,23.0,86.5,0.0,23.5,86.5,2.0,5.0
1999298N12099,15.895,83.5,0.0,16.0,83.3,297.0,4.0
1999334N11118,11.3203,97.7281,0.0,11.9,97.1,313.0,16.0
1999342N10089,11.0,84.0,25.0,11.0,84.0,270.0,5.0
2000088N08090,15.0,90.0,30.0,16.0,90.5,44.0,7.0
2000236N17084,17.8285,80.9507,0.0,18.0,79.5,282.0,24.0
2000289N15089,14.5,82.0,25.0,14.5,82.0,246.0,1.0
2000299N13093,24.0477,93.6884,0.0,24.0,94.0,90.0,9.0
2000331N09092,11.2688,78.3229,0.0,11.3679,78.1018,284.0,5.0
2000358N08086,8.35,78.45,55.0,8.37125,78.0962,276.0,5.0
2001163N20087,21.0,85.0,25.0,21.5,84.5,308.0,10.0
2001288N13084,14.6523,79.3155,0.0,15.0,79.0,316.0,7.0
2001313N12084,16.945,85.6376,0.0,17.3,85.7,15.0,7.0
2001315N17083,18.2502,85.2373,0.0,18.5,85.5,44.0,7.0
2001361N01106,3.20004,89.6875,0.0,3.0,89.3,240.0,8.0
2002129N08096,18.8103,96.9596,0.0,19.2,97.4,40.0,12.0
2002295N14082,14.0,81.5,0.0,14.0,81.5,0.0,0.0
2002314N12083,23.7333,89.7333,0.0,25.0,91.5,47.0,39.0
2002327N10089,17.685,91.6518,0.0,18.0,92.0,44.0,7.0
2002355N02079,7.91171,86.26,25.0,8.2,86.7,58.0,8.0
2002355N04077,4.5,79.0,25.0,4.49995,79.3011,90.0,8.0
2003129N05091,19.6333,94.0333,45.0,20.0,94.5,44.0,11.0
2003206N21089,22.6513,79.0898,0.0,22.8199,78.2223,281.0,17.0
2003240N21089,21.0,85.5,0.0,21.0,85.5,0.0,0.0
2003279N17084,24.4959,86.6375,0.0,25.0,87.0,32.0,12.0
2003295N09101,18.4576,83.6752,0.0,18.7,83.4,311.0,8.0
2003345N05092,17.6628,81.6636,0.0,17.5,81.5,0.0,2.0
2004136N15090,21.353,95.5118,0.0,21.8,96.3,59.0,17.0
2004163N15090,21.7283,83.5101,0.0,22.0,83.0,298.0,11.0
2004256N23089,22.5,88.0,0.0,22.5,88.0,0.0,0.0
2004276N12087,17.5,82.5,25.0,18.0,84.0,44.0,14.0
2004281N23087,23.9021,89.5988,0.0,24.0,90.0,75.0,8.0
2004319N10134,10.595,99.5641,0.0,11.3,99.9,13.0,14.0
2005007N04085,6.85,83.0475,0.0,7.0,83.0,343.0,3.0
2005012N04090,5.0,86.0,25.0,5.0,86.0,52.0,3.0
2005179N22088,26.0484,80.0245,0.0,26.0,80.0,0.0,1.0
2005210N21088,21.8097,83.7256,0.0,22.0,82.5,280.0,22.0
2005255N20088,27.3233,78.0123,0.0,27.6586,78.0099,0.0,7.0
2005257N15120,20.0,99.8,0.0,20.0,99.8,289.0,25.0
2005260N20091,19.5,79.5,25.0,19.9214,78.6512,302.0,13.0
2005262N13127,21.0,99.7,0.0,21.0,99.7,288.0,16.0
2005274N17086,21.795,88.0049,0.0,22.2,88.1,13.0,8.0
2005298N12088,15.6999,79.3549,0.0,15.5,79.5,151.0,2.0
2005324N08085,9.0,79.5,25.0,9.5,79.5,315.0,7.0
2005330N09096,12.4878,79.3878,0.0,12.5,79.3,276.0,2.0
2005338N09093,10.2,78.7,0.0,10.1525,78.235,270.0,9.0
2005349N06090,15.7426,91.0048,0.0,16.2,91.3,33.0,11.0
2006012N03081,4.02748,78.53,0.0,4.3,78.1,302.0,9.0
2006114N08090,18.5,95.5,0.0,19.0,96.0,43.0,7.0
2006182N20088,21.5,79.0,25.0,21.5,78.5,270.0,9.0
2006214N20088,21.0,79.5,25.0,21.0,79.5,270.0,5.0
2006224N21088,22.0,83.5,25.0,22.0,82.5,270.0,23.0
2006228N21088,22.5,80.0,25.0,22.5,79.0,270.0,14.0
2006241N20088,23.0,80.0,25.0,23.5,79.0,306.0,17.0
2006247N21089,22.0,84.5,25.0,22.0,84.5,0.0,0.0
2006264N23087,23.5,85.5,25.0,23.5,85.5,0.0,0.0
2006271N18089,19.169,83.3823,25.0,19.35,82.8,278.0,11.0
2006300N07078,15.9067,80.0983,25.0,16.0,79.9,304.0,3.0
2006329N06150,11.5881,82.5877,0.0,11.7,81.8,278.0,15.0
2007133N15091,22.0625,92.2394,0.0,23.0,92.4,9.0,18.0
2007172N15088,16.6499,78.5045,0.0,17.0,78.1,309.0,11.0
2007178N18089,22.6605,80.9654,0.0,22.9,80.4,296.0,11.0
2007314N10093,23.7667,91.0,0.0,24.5,91.5,30.0,12.0
2008117N11090,20.0753,98.0913,0.0,20.8,98.5,25.0,16.0
2008168N22090,23.7196,87.2996,0.0,24.0,87.0,316.0,8.0
2008223N20086,22.0001,85.3505,0.0,22.5,85.2,344.0,10.0
2008259N20089,25.2089,80.2285,0.0,26.0,80.0,343.0,16.0
2008298N16085,23.8731,90.7075,30.0,25.0,90.6,10.0,20.0
2008317N11089,15.2168,79.0403,25.0,15.4,78.8,291.0,9.0
2008329N09082,11.76,78.58,20.0,11.8773,78.18,278.0,9.0
2008338N06092,6.46997,78.43,0.0,6.6,78.1,289.0,6.0
2009104N13088,22.1481,92.4369,0.0,22.4,93.1,67.0,13.0
2009143N17089,25.8975,88.4211,25.0,26.9,88.75,13.0,16.0
2009201N21089,22.0,84.5,30.0,22.0,84.0,270.0,9.0
2009247N19089,24.4957,84.0107,0.0,24.5,84.0,0.0,0.0
2009344N06085,8.50008,80.8011,0.0,8.5,80.5,270.0,5.0
2010137N10090,16.9975,81.7025,0.0,17.1,81.9,62.0,4.0
2010280N17085,24.0347,90.8006,0.0,24.5,91.0,25.0,11.0
2010286N18090,18.9373,84.188,0.0,19.0,84.0,270.0,5.0
2010293N17093,23.3056,98.49,0.0,23.7,99.8,72.0,23.0
2010305N06105,13.5473,79.4783,0.0,14.2333,78.8667,315.0,16.0
2010341N14082,15.7504,80.5504,0.0,16.0,80.0,297.0,11.0
2011033N06083,6.5,82.5,0.0,6.5,82.5,0.0,0.0
2011167N22089,24.4997,78.7386,0.0,24.5,78.5,270.0,5.0
2011203N24085,24.1991,80.9666,0.0,24.5,80.5,299.0,10.0
2011265N21088,22.5,86.5,4.0,22.5,86.5,0.0,0.0
2011290N15090,21.5506,92.9502,0.0,21.5,93.5,94.0,8.0
2011330N06078,6.0,78.1,0.0,6.0,78.1,311.0,12.0
2011360N09088,11.8151,78.6491,0.0,12.15,78.2,302.0,10.0
2012285N21091,22.5,91.3,30.0,23.0,91.5,25.0,8.0
2012301N11087,13.0102,79.211,35.0,13.1714,78.2857,288.0,16.0
2012321N14090,12.65,79.185,0.0,12.6,78.9,260.0,6.0
2013130N04093,24.4681,92.9659,0.0,25.0,93.5,44.0,13.0
2013149N21090,24.5,87.0,20.0,25.0,87.0,1.0,10.0
2013211N21088,22.3747,79.7792,0.0,22.5,80.0,48.0,4.0
2013232N22088,22.8226,79.8998,0.0,22.8,79.8,252.0,2.0
2013281N12098,23.9499,84.1501,0.0,24.5,84.2,10.0,10.0
2013305N07141,11.1143,78.9429,25.0,11.2201,78.3051,278.0,12.0
2013322N13090,16.8226,79.0928,0.0,17.2,78.8,321.0,9.0
2013324N07103,15.6703,79.406,0.0,16.1,78.8,301.0,14.0
2013339N09084,10.1504,79.5918,0.0,10.05,78.8,257.0,15.0
2014003N08086,7.7,78.5,0.0,7.74993,78.2874,289.0,5.0
2014141N16091,17.2881,91.6119,0.0,17.0,91.0,242.0,11.0
2014202N22087,22.4998,78.9,0.0,22.5,78.2,270.0,13.0
2014216N21089,25.4076,78.7501,0.0,25.5,78.5,294.0,5.0
2014279N11096,25.6,81.7,20.0,26.3,81.8,9.0,12.0
2014309N13088,14.7076,82.4475,0.0,14.9,82.2,310.0,6.0
2015171N18086,20.7671,84.5343,0.0,21.0,84.5,2.0,5.0
2015191N23085,26.0,78.5,25.0,27.5,78.3,313.0,15.0
2015207N22091,23.3,85.7,20.0,23.1,85.5,229.0,6.0
2015216N23081,22.7,80.0,25.0,22.7,79.5,270.0,9.0
2015259N20084,20.0,79.5,30.0,20.5,79.0,270.0,5.0
2015312N11084,12.4,79.6,30.0,12.4,79.3,268.0,5.0
2016138N10081,24.3015,94.5201,0.0,24.5,94.7,52.0,8.0
2016222N22089,24.307,84.3013,0.0,24.4,84.0,294.0,5.0
2016230N21089,24.7,78.4,25.0,24.6795,78.0999,269.0,5.0
2016295N13089,14.115,81.1174,0.0,14.0,81.0,224.0,3.0
2016308N13088,21.5,91.8,25.0,21.6,91.9,32.0,7.0
2016335N07088,10.9526,79.2675,0.0,11.0,78.9,280.0,7.0
2016341N08092,12.9857,78.9286,30.0,12.9609,78.3864,265.0,10.0
2017104N08085,19.3178,94.8482,30.0,19.8,95.4,47.0,15.0
2017147N14087,25.1952,92.5802,0.0,25.65,92.85,24.0,11.0
2017163N20090,24.2331,91.2258,0.0,24.5,91.5,42.0,7.0
2017199N19086,19.97,85.265,0.0,20.1,85.2,333.0,2.0
2017207N24085,24.0,85.0,0.0,24.0,85.0,0.0,0.0
2017232N19130,23.65,99.65,0.0,23.65,99.65,269.0,25.0
2017282N22088,23.5,86.7,30.0,23.8,86.6,323.0,8.0
2017292N17087,18.4413,86.3074,0.0,20.0,86.5,4.0,27.0
2017307N07102,11.195,99.7825,0.0,11.3,99.6,297.0,4.0
2017319N15083,18.8,85.8,25.0,19.5,86.3,35.0,12.0
2017333N06082,6.72118,78.4899,30.0,6.95,78.1,297.0,10.0
2017340N09089,20.7426,88.3947,0.0,21.1,88.7,39.0,9.0
2018148N17090,21.3,95.3667,25.0,21.8,95.8,42.0,16.0
2018161N22092,22.85,91.3501,0.0,23.0,91.3,344.0,3.0
2018202N21088,23.7152,84.2501,0.0,23.9,84.0,311.0,6.0
2018219N21088,21.6545,85.3012,0.0,21.7,84.5,274.0,14.0
2018227N20086,20.9022,79.4282,0.0,21.1,78.3,281.0,21.0
2018249N22088,22.2,84.0,25.0,22.9,83.3,301.0,19.0
2018263N17089,21.3621,79.4934,0.0,21.4,78.7,277.0,13.0
2018281N14088,21.9,87.2,25.0,22.1,87.5,54.0,9.0
2018314N12093,10.45,79.15,55.0,10.4362,78.4651,269.0,12.0
2018347N07089,17.3601,82.6085,30.0,17.8,82.75,17.0,10.0
2018365N08115,13.1409,92.0,0.0,13.1,92.0,0.0,0.0
2019116N02090,24.8292,89.9407,0.0,25.2,90.7,53.0,14.0
2019218N21088,23.5579,79.397,0.0,23.6,78.6,270.0,11.0
2019301N05081,4.6,78.8,0.0,4.49006,78.1124,261.0,13.0
2019302N11118,22.9085,91.3159,0.0,23.1,91.5,46.0,5.0
2020136N10088,25.213,89.6196,0.0,25.4,89.6,274.0,4.0
2020285N15087,17.6604,78.8069,0.0,17.7,78.1,274.0,13.0
2020296N19087,23.7674,89.7394,0.0,24.0,89.9,28.0,8.0
2020327N08086,14.6825,80.3101,0.0,15.0,80.1,327.0,7.0
2020335N06090,9.20501,79.535,20.0,9.5,80.1,61.0,8.0
2020353N06129,10.5971,97.288,0.0,11.3,97.0,319.0,17.0
2021092N11096,13.0,97.5,25.0,13.2,97.6,23.0,6.0
2021143N15090,24.541,85.0671,0.0,24.7,84.8,311.0,6.0
2021256N20087,22.8399,82.2605,0.0,23.0,82.0,303.0,6.0
2021264N13119,16.1053,99.9312,0.0,16.1,99.45,270.0,9.0
2021267N18094,19.222,78.7548,0.0,19.4667,78.2667,295.0,10.0
2021312N07090,12.9439,79.3648,0.0,12.9,78.5,268.0,15.0
2021322N11082,12.5,80.0,25.0,12.7,79.7,303.0,7.0
2021335N08096,21.8779,88.0641,0.0,22.3,88.5,43.0,11.0
2022064N11084,10.8924,81.31,0.0,10.9,81.0,270.0,7.0
2022127N10091,15.8125,81.1226,0.0,16.0,81.0,343.0,3.0
2022231N21090,22.3018,86.4919,0.0,22.7,85.5,293.0,18.0
2022297N16088,22.4128,90.5669,0.0,24.1,91.0,13.0,32.0
2022342N09084,12.8626,80.4024,0.0,12.9,80.1,289.0,6.0
2023131N11088,21.7791,93.7926,0.0,23.0,94.7,34.0,27.0
2023161N20092,20.6,91.8499,0.0,20.9,91.9,9.0,6.0
2023213N20092,22.1219,89.9641,0.0,22.2,89.7,295.0,7.0
2023296N18087,21.7698,92.233,0.0,21.8,92.2,27.0,2.0
2023321N19088,22.3057,90.5228,0.0,23.2,91.2,35.0,21.0
2023337N12083,14.5124,80.0198,0.0,14.7,80.1,0.0,4.0
2024147N19089,23.9143,90.14,0.0,24.2,90.4,40.0,7.0
